-- phpMyAdmin SQL Dump
-- version 4.5.1
-- http://www.phpmyadmin.net
--
-- Host: 127.0.0.1
-- Generation Time: Apr 10, 2018 at 08:32 PM
-- Server version: 10.1.16-MariaDB
-- PHP Version: 7.0.9

SET SQL_MODE = "NO_AUTO_VALUE_ON_ZERO";
SET time_zone = "+00:00";


/*!40101 SET @OLD_CHARACTER_SET_CLIENT=@@CHARACTER_SET_CLIENT */;
/*!40101 SET @OLD_CHARACTER_SET_RESULTS=@@CHARACTER_SET_RESULTS */;
/*!40101 SET @OLD_COLLATION_CONNECTION=@@COLLATION_CONNECTION */;
/*!40101 SET NAMES utf8mb4 */;

--
-- Database: `student`
--

-- --------------------------------------------------------

--
-- Table structure for table `account`
--

CREATE TABLE `account` (
  `id` int(11) NOT NULL,
  `user` varchar(250) CHARACTER SET utf8 COLLATE utf8_swedish_ci NOT NULL,
  `pass` varchar(500) CHARACTER SET utf8 COLLATE utf8_swedish_ci NOT NULL,
  `fname` varchar(250) CHARACTER SET utf8 COLLATE utf8_swedish_ci NOT NULL,
  `r` int(11) DEFAULT '3',
  `token` varchar(250) NOT NULL,
  `last_login` varchar(250) NOT NULL,
  `status` int(11) NOT NULL DEFAULT '1'
) ENGINE=InnoDB DEFAULT CHARSET=latin1;

--
-- Dumping data for table `account`
--

INSERT INTO `account` (`id`, `user`, `pass`, `fname`, `r`, `token`, `last_login`, `status`) VALUES
(39, 'admin', '$2y$10$7c71B0/CZJVnYvwfTNJuCemDxjpiXdtz9/zeLL5.SMqDsps5k3Bqq', 'نورا', 1, '91651845def1e4f2c4ff79d8e9cbcd1926f2dddf', '2018-04-10 08:31:59pm', 1),
(70, 'gona', '$2y$10$eJT3XrYDz3czB3UomLfnMuNpQmtKjjCc6LlouQZ7oJzc7pkF8C7gi', '', 3, '', '', 1),
(75, 'eman', '$2y$10$dmb1k.LtgjbgWLrACcq.0eaSbl7CEC6NZuFm0GdC.3ZoeOQ5WSy.a', '', 3, '', '', 1),
(76, 'muhammad', '$2y$10$Y9boET2ADE0r0I5v6.7ZF.nRN5uQAdq.REIAUwiXwiz6lRUdBh0Wq', '', 3, '', '', 1),
(77, 'govand', '$2y$10$od3jfEZV1aUb8npZQ13fOOvWyXiSaNVre7zfHcYBrs.XKHrMfCvCC', '', 3, '', '', 1),
(78, 'goran', '$2y$10$.oPY58USvHorlkGpkDdI1OxBU4ve9L8fMwYlzhTHOQuv0Xco3aZdK', '', 3, '', '', 1),
(232, 'akam_xalid', '$2y$10$7c71B0/CZJVnYvwfTNJuCemDxjpiXdtz9/zeLL5.SMqDsps5k3Bqq', '', 3, '', '2018-04-10 08:29:52pm', 1),
(233, 'anhar', '$2y$10$.XlLCsrD.JBHaWjdugMYS.CHid2JWS5BjVU8I5YJN9G0tJgOn.ike', '', 3, '', '', 1),
(234, 'balla', '$2y$10$430JFFsQD4zbX3bKQCueN.tIqN6zyhNkKnN596uyukcnTzVegf28a', '', 3, '', '', 1),
(235, 'bnaz', '$2y$10$ynOG4NbeK/5n9Gv9OJZpCO2aKNSB1OXUZ9/BXov70qkucmRzHP19u', '', 3, '', '', 1),
(236, 'chra', '$2y$10$wxXXPJJyFaKT1d5DVN1siOE6HVIOb3LWdWmOyCQdGZRaKiDTuYyga', '', 3, '', '', 1),
(237, 'hussain', '$2y$10$V2sq7nkOEfyOlBm/xoOPF.Tb.cc68rlSOoD5juoCAaEmvetzdaLDm', '', 3, '', '', 1),
(238, 'xarman', '$2y$10$G70Nmbk69n9ucwhuD4PFOeYtG2QlwiqaEsQpY6P/4gGqBJVthephm', '', 3, '', '', 1),
(239, 'dana', '$2y$10$p4Cx0HeSJQNdpmwHNYM9.OCP6jy14eGHsYpNafgsnQixb2Wzs/Fra', '', 3, '', '', 1),
(240, 'dllshad', '$2y$10$.ZGaeWkVQrV/1jon9cpj/.WmPEOHF25es8iIZRNytEhgEBGgnefKO', '', 3, '', '', 1),
(241, 'dllnya', '$2y$10$NgRe7XT7ioYEQJbW3JGF9.LumntSreKqLFwVeGHaVqIcZrmpMfn56', '', 3, '', '', 1),
(242, 'rabwn', '$2y$10$pO/UFhEGjHCz/Lz1qsqPG.jAa2JIzy283G0YCBehEKrqaTQeFqwaC', '', 3, '', '', 1),
(243, 'rwxosh', '$2y$10$KdLjZDmkhkJUynGrqFWYwe.DhW4OoAhbTzgaiW8oePsIvxmmU0b0S', '', 3, '', '', 1),
(244, 'rwnak', '$2y$10$Pnmjlmg4ylX/DHEDMz5W/.mAmAgRy5e.PdSMhFd0/pJAHggyQFksi', '', 3, '', '', 1),
(245, 'rezan', '$2y$10$b1WC9zuGrTOTscZjwEwNvuKnzpjkoaX5118.htXN4w9Xd9PO9F95e', '', 3, '', '', 1),
(246, 'renas', '$2y$10$d2DLbtORquATa4YJVNOZWexWJGWK1adJbkItCFElXTEWo7MIi0YBy', '', 3, '', '', 1),
(247, 'randi', '$2y$10$18Ko/6VpeNwnp4V0WDngLu7F2kAXqEcqjo7imOiOM5DOELF2tUKH2', '', 3, '', '', 1),
(248, 'rayan', '$2y$10$uZGo6zlnQQ680AyOy0r26.esOZkbu9fF8rsP4bMjVc/m/U7ORgX4a', '', 3, '', '', 1),
(249, 'zanyar', '$2y$10$VAUcktbU0FMka8ZCYsOipOGm1.o5R6QKhJqMOt0GHrAx68slFi6DG', '', 3, '', '', 1),
(250, 'zhawen', '$2y$10$5CGOoIiyolDRSKA32olNh.xe4.8DBqu89KaBWN3uOLGS/WvZ2VOr.', '', 3, '', '', 1),
(251, 'sakar', '$2y$10$ZDSdGkZLz0FKowSAJt96heOQC5cwGhJwxZvDB2BB2zyYw8UHLnXte', '', 3, '', '', 1),
(252, 'salman', '$2y$10$35dd5APWUp3RbTNfnaR/XeksA1QVABRsCXjnbORPIjTH9uPxbpjD6', '', 3, '', '', 1),
(253, 'sivan', '$2y$10$qRF07JwQKeBg1rKsTzMMiuEz8d0q4Shnu9/dCCtPJqH48olsW17za', '', 3, '', '', 1),
(254, 'sarbaz', '$2y$10$h8SpuRfq0SHKkLbrftaBVOJ/i/dsYt9Z7cuackFEYdYXvFFfrBP7y', '', 3, '', '', 1),
(255, 'shajwan', '$2y$10$eqgDC4.ZlVEteCkGA/vrvOpgiRfkH2lc3V146H6RcEyfv6yXcLhDW', '', 3, '', '', 1),
(256, 'abdulla', '$2y$10$je1XMl/f1CWG9j21CI8tNe6DdHnjXo3rGv9H7BjjOM/egQ97qGdiu', '', 3, '', '', 1),
(257, 'shaida', '$2y$10$1URVS98V.m1Dh7JYQtW3Yu9Suz1i/3ZTJvd7rlCOS1WFOBFqQrXLi', '', 3, '', '', 1),
(258, 'farman', '$2y$10$frIrcXxlBisnrCoCiZB7p.VA5hHniSm9Ser49bfMYMjYa8PjqYUR2', '', 3, '', '', 1),
(259, 'karmand', '$2y$10$hH9vE53O09ccyy2rMOBoXeRw2NSP2F.yqLjRUZVpChmawaR6yWW5u', '', 3, '', '', 1),
(260, 'karmand_hussain', '$2y$10$aWG4Jrv3/.4LYufpgxfw4uSblmHa1SAM5KyVB06WjEisIkhgbXCvO', '', 3, '', '', 1),
(261, 'gashaw', '$2y$10$Olb7TX7cEYBtuZmarJ0rHedCBLgt26r9golid55FJs62FBDAKUUb.', '', 3, '', '', 1),
(262, 'lanja', '$2y$10$7c71B0/CZJVnYvwfTNJuCemDxjpiXdtz9/zeLL5.SMqDsps5k3Bqq', '', 3, 'af735c336a53fafe94919835fff9a25456290414', '2018-04-05 07:20:02pm', 1),
(263, 'mihnaz', '$2y$10$ICI9izOEkdnhAx5O5ww9oOKBcPZW.yOd5hAqbqbuPJNzUSbbS2/2e', '', 3, '', '', 1),
(264, 'nazanin', '$2y$10$ULsC4VCByG0z0pHSvn9vC.y8ZxYS/0LiWusIwSs/moLNLLT6xo3BO', '', 3, '', '', 1),
(265, 'nahro', '$2y$10$RDwmIrDpIGkC6F9HWEX5DeetLeCoCptYhKW7lLB3cbTmNjA0vahYm', '', 3, '', '', 1),
(266, 'hali', '$2y$10$8UyxafQI1j7horPAZTvttuz5B/0NrV04tDpbRPodHEK/ZEML4cq/2', '', 3, '', '', 1),
(267, 'hunar', '$2y$10$dClXJvC5QPVkACY0NieUXeiTFFQXiGCl6hJFRR/xtfziv0E1UjP6i', '', 3, '', '', 1),
(268, 'hedi', '$2y$10$jExvLMb9d74NQ80xyBCc6OzBt6VSv8FQaLJXDZwsdxOW3n8LRT26m', '', 3, '', '', 1),
(269, 'heshw', '$2y$10$kp5IcLTNPhB0sTxR9Cq9suhD/15Bc5k03.Lnf9waaZwyupB32PrFu', '', 3, '', '', 1),
(270, 'heshw_darwesh', '$2y$10$AgDsaGrMNPTdtMRigrcCAePOmSg2XeszqGF5/AEdgaB0.trPekplq', '', 3, '', '', 1),
(271, 'hallalla', '$2y$10$Wj4UH78WdEF2SIZEdsLg4uXfoJPEjqLnZoiwKglrTsG2nHHVQ6UGG', '', 3, '', '', 1),
(272, 'hawar', '$2y$10$lfUPsGCNIFAVAvzlqpy9luYRbk./H.F3WLD5aTVphatm05X7DVsme', '', 3, '', '', 1),
(273, 'akam_muhammad', '$2y$10$CImNsF6CcYNhT.n3pLELuOSBEhu8AslOFNYzPv9epGgTKO.huadyu', '', 3, '', '', 1),
(274, 'karwan', '$2y$10$VXrbhSIh/f34McwOUthJSeY7nNbzFJ2/3IXN7IUPJzkNC5TzNWgJ6', '', 3, '', '', 1),
(275, 'lavan', '$2y$10$yxZltr566HKALK5v0vblCOhEGlXMAdoNa45c5ta28R4HqYg72pSAC', '', 3, '', '', 1),
(276, 'raozhyar', '$2y$10$Q/Pc.T7of2F.SaW0voofAeMfTeUTNgSZ5ziU9qXi2WTPtfyNvBGgi', '', 3, '', '', 1),
(277, 'xadija', '$2y$10$aEavfJ5Tmo1LRb1XFyWuy.lk/SOhR8/ZTVLdgtIVxY0kxvwVlqSEK', '', 3, '', '', 1),
(278, 'hawnaz', '$2y$10$htz2CQe8zpI7sKLvhbEOIesBsvHZliM/VK.K5UrgbF5mK20WWUd.O', '', 3, '', '', 1),
(279, 'renwar', '$2y$10$599GhbbQmZYUcdV7lazHM.DlOLceKAKN98jxhoG4gmuAnxXmwxrvm', '', 3, '', '', 1),
(280, 'bahroz', '$2y$10$XovjhSa5MvDvcZZss0lD8epx.Vguc47k50t41i6WjIT9pLHEeVf6G', '', 3, '', '', 1),
(281, 'avin', '$2y$10$gCMJmB0CFfjmQg2j6t2SOOVugJshkEqVE2aYRwuh6gutxlIBo3NoG', '', 3, '', '', 1),
(282, 'ahmad', '$2y$10$oV4UxgR7o6zgECL7mKhY2uhqVSE122gpf9x9r98CXhf0Qaq6EGO2m', '', 3, '', '', 1),
(283, 'rekan', '$2y$10$OQwQ/n3IFvnXuW7no6Qj2uyrZluhLUapl5sVmOSoNylSBz7fNRvPG', '', 3, '', '', 1),
(284, 'khdir.abdullah', '$2y$10$sQCz9EIr6of.nYwK7Nzs/OZxWVnIAuVFBhOVTRS70tyQHTd6GqOlS', '', 2, '', '', 1),
(285, 'salih.ibrahim', '$2y$10$Chk/wm5ytgJHGxKf7fUsTuDzJYsjG5ZtAZQInE3wNSaOzxmeEhexK', '', 2, '', '', 1),
(286, 'muhiadeen.muhammad', '$2y$10$1ukfEXBcCmHAPnq222M/e.Uy/cs9wEWNV6.Ww2zWfgL.zEh3lKKqS', '', 2, '', '', 1),
(287, 'lamya.yasin', '$2y$10$7c71B0/CZJVnYvwfTNJuCemDxjpiXdtz9/zeLL5.SMqDsps5k3Bqq', '', 2, '', '2018-03-28 09:27:43pm', 1),
(288, 'star.baban', '$2y$10$Prm65jGWAiEklWdF9sKBWepTBPYsQIBQW81/VPzcwe/nf3kVJhg7e', '', 2, '', '', 1),
(289, 'ibrahim.abdulrahman', '$2y$10$hF6RIFwHmZJY3b8tFNkdBu1PBIWav/dBnL3yhrIxA8KL95rI9GKW2', '', 2, '', '', 1),
(290, 'alla', '$2y$10$7c71B0/CZJVnYvwfTNJuCemDxjpiXdtz9/zeLL5.SMqDsps5k3Bqq', '', 2, '', '2018-04-05 07:22:51pm', 1),
(291, 'hussain.nuri', '$2y$10$G8SnLuSmz.AT8pT6J5IXm.bbZMuPjyQZgiZFboiYkdjmv9R3CPVo.', '', 2, '', '', 1),
(292, 'ahmad.muhammad', '$2y$10$DhOcKhGdV0omFzoL5Xasl.TRmxYBQxP3oFiN6Je63dBPTinCksUeC', '', 2, '', '', 1),
(293, 'pary.taha', '$2y$10$LNtwCR0mVFQJyQOJ32fKx..R1SAOl1GdBJycpiooaeM2MR6FCnyNa', '', 2, '', '', 1),
(294, 'zaindin.mahmud', '$2y$10$pRWA8zICZfLJ7ThgTI9T2ebTZJnw.qlO5sEkhqR0Lb5rg8EnPIv/2', '', 2, '', '', 1),
(295, 'm.mustaffa', '$2y$10$3oBLlL0rQoaZPp1hx7AS4uIXKmAd334mT8XmAgOOgPqqc/sGTIQsi', '', 2, '', '', 1),
(296, 'm.abdullah', '$2y$10$NfJnBLhF51gbxt5Wmg7peuDIlvsBHBnhXgBQfGcSbc1UyR/K1i1CC', '', 2, '', '', 1),
(297, 'm.abdulrahman', '$2y$10$WrShnm675E0Ouz.1MmP50eOoZMTfDKosgoNqTuic/NnH4FMolMTwO', '', 2, '', '', 1),
(298, 'm.rozhgar', '$2y$10$mQv2ivj71sxue1ue52PTV.VVOxyNa/ZUjWhrDhTOBQwh7r1jZXl2G', '', 2, '', '', 1),
(299, 'm.peshawa', '$2y$10$b5Ss/8Ok45QQGYEhAuCADuwnAb58ESSBK.H06jIkQKLBR4rRw5Mum', '', 2, '', '', 1),
(300, 'm.sivan', '$2y$10$Wn3vHg8LYEwL6tuC/DP9Fe1D93MEOY9oU8Ctd2.XVA9EAFFwCekNq', '', 2, '', '', 1),
(301, 'twana.qadr', '$2y$10$cV4wo/sgYYlkQ2KY/y0EY.hh3gl49ZM6Q6wS6ol0zssD954tQNXXW', '', 2, '', '', 1),
(302, 'm.nwr', '$2y$10$begGxf7EeLoXnJ.qjzDJHO0I9WD0fbLvTxCw3nzquaqEJjVZodthW', '', 2, '', '', 1),
(303, 'm.muhammad', '$2y$10$jN4eV65ijuAw1DESD/xmvuHD7XZLB9Ne0R06/18xD/o1/lkMczyAa', '', 2, '', '', 1),
(304, 'm.xalil', '$2y$10$2djpxmYNY58.ThvYR/U2uOAG9u/gy4I9zvlxYJG7UdSdps7xwcaoa', '', 2, '', '', 1),
(305, 'shazad.karim', '$2y$10$Aup0DwAMXd8V3gvDz.uBuOxaJ8MYD1dIzKz3La.a996Poq6yadYM2', '', 2, '', '', 1),
(306, 'kaksoran', '$2y$10$Xdx43E2iX5cINz616S4KveJ7sYMz8pJw8sfQmWo133Oec5dvNOPAW', '', 3, '91ff5c737eca807d9f19f0e51e40b39e97ca4bfc', '2018-03-20 01:54:37pm', 1),
(307, 'amin', '', '', 2, '', '', 1),
(308, 'aras', '$2y$10$7c71B0/CZJVnYvwfTNJuCemDxjpiXdtz9/zeLL5.SMqDsps5k3Bqq', '', 2, '', '2018-03-29 01:05:23pm', 1),
(309, 'akam', '$2y$10$7c71B0/CZJVnYvwfTNJuCemDxjpiXdtz9/zeLL5.SMqDsps5k3Bqq', '', 2, '', '2018-04-10 08:29:58pm', 1);

-- --------------------------------------------------------

--
-- Table structure for table `att`
--

CREATE TABLE `att` (
  `id` int(11) NOT NULL,
  `user` varchar(250) CHARACTER SET utf8 COLLATE utf8_swedish_ci NOT NULL,
  `re` int(11) NOT NULL,
  `dt` varchar(250) CHARACTER SET utf8 COLLATE utf8_swedish_ci NOT NULL,
  `r` int(11) NOT NULL,
  `tm` varchar(250) CHARACTER SET utf8 COLLATE utf8_swedish_ci NOT NULL,
  `etm` varchar(255) NOT NULL,
  `sub_id` int(11) NOT NULL
) ENGINE=InnoDB DEFAULT CHARSET=latin1;

--
-- Dumping data for table `att`
--

INSERT INTO `att` (`id`, `user`, `re`, `dt`, `r`, `tm`, `etm`, `sub_id`) VALUES
(19, 'admin', 3, '2018-02-23', 0, '08:30', '09:30', 7),
(20, 'admin', 3, '2018-03-01', 0, '08:30', '09:30', 7),
(21, 'admin', 3, '2018-03-01', 0, '09:30', '10:30', 7),
(22, 'admin', 3, '2018-03-04', 0, '08:30', '09:30', 7),
(23, 'admin', 3, '2018-03-08', 0, '08:30', '09:30', 7),
(24, 'admin', 3, '2018-03-14', 0, '08:30', '09:30', 9),
(25, 'adam', 3, '2018-03-14', 0, '08:30', '09:30', 9),
(26, 'admin', 2, '2018-03-14', 0, '08:30', '03:30', 7),
(27, 'adam', 2, '2018-03-14', 0, '08:30', '03:30', 7),
(28, 'admin', 3, '2018-03-15', 0, '08:30', '12:30', 7),
(29, 'dllnya', 3, '2018-03-18', 0, '08:30', '09:30', 7),
(31, 'admin', 3, '2018-03-18', 0, '08:30', '10:30', 11),
(32, 'admin', 3, '2018-03-19', 0, '08:30', '09:30', 9),
(33, 'admin', 3, '2018-03-20', 0, '08:30', '09:30', 9),
(34, 'akam_xalid', 3, '2018-03-20', 0, '08:30', '09:30', 9),
(35, 'admin', 3, '2018-03-24', 0, '08:30', '09:30', 9),
(36, 'akam_xalid', 3, '2018-03-24', 0, '08:30', '09:30', 9),
(37, 'dana', 3, '2018-03-24', 0, '08:30', '09:30', 9),
(38, 'dllshad', 3, '2018-03-24', 0, '08:30', '09:30', 9),
(39, 'admin', 3, '2018-03-28', 0, '09:30', '10:30', 9),
(40, 'admin', 3, '2018-03-30', 0, '08:30', '09:30', 9),
(41, 'dana', 3, '2018-04-05', 0, '08:30', '09:30', 9),
(42, 'gona', 3, '2018-04-05', 0, '09:30', '12:30', 21),
(43, 'lanja', 3, '2018-04-05', 0, '08:30', '10:30', 9),
(44, 'lanja', 3, '2018-04-06', 0, '08:30', '10:30', 14),
(45, 'admin', 3, '2018-04-05', 0, '11:30', '12:30', 9),
(46, 'anhar', 3, '2018-04-05', 0, '11:30', '12:30', 9);

-- --------------------------------------------------------

--
-- Table structure for table `class`
--

CREATE TABLE `class` (
  `id` int(11) NOT NULL,
  `cl` int(11) NOT NULL,
  `gr` int(11) NOT NULL,
  `note` varchar(500) CHARACTER SET utf8 COLLATE utf8_swedish_ci NOT NULL
) ENGINE=InnoDB DEFAULT CHARSET=latin1;

-- --------------------------------------------------------

--
-- Table structure for table `conversation`
--

CREATE TABLE `conversation` (
  `id` int(11) NOT NULL,
  `user` varchar(100) NOT NULL,
  `user2` varchar(50) NOT NULL,
  `chat` varchar(5000) CHARACTER SET utf8 COLLATE utf8_swedish_ci NOT NULL,
  `type` int(11) NOT NULL,
  `time` varchar(50) NOT NULL,
  `date` varchar(50) NOT NULL,
  `ftime` timestamp NOT NULL DEFAULT CURRENT_TIMESTAMP ON UPDATE CURRENT_TIMESTAMP
) ENGINE=InnoDB DEFAULT CHARSET=latin1;

-- --------------------------------------------------------

--
-- Table structure for table `er`
--

CREATE TABLE `er` (
  `id` int(11) NOT NULL,
  `user` varchar(250) CHARACTER SET utf8 COLLATE utf8_swedish_ci NOT NULL,
  `qid` int(11) NOT NULL,
  `anser` varchar(1000) CHARACTER SET utf8 COLLATE utf8_swedish_ci NOT NULL DEFAULT '0',
  `exam` int(11) NOT NULL,
  `ck` int(11) NOT NULL DEFAULT '0'
) ENGINE=InnoDB DEFAULT CHARSET=latin1;

--
-- Dumping data for table `er`
--

INSERT INTO `er` (`id`, `user`, `qid`, `anser`, `exam`, `ck`) VALUES
(38, 'akam_xalid', 5, 'ستاتیک', 16, 0),
(39, 'akam_xalid', 6, 'پێناسە', 16, 0),
(40, 'akam_xalid', 3, '1', 16, 0);

-- --------------------------------------------------------

--
-- Table structure for table `exam`
--

CREATE TABLE `exam` (
  `id` int(11) NOT NULL,
  `name` varchar(250) CHARACTER SET utf8 COLLATE utf8_swedish_ci NOT NULL,
  `sub` int(11) NOT NULL,
  `dt` varchar(50) NOT NULL,
  `dtt` varchar(250) CHARACTER SET utf8 COLLATE utf8_swedish_ci NOT NULL,
  `sdt` varchar(50) NOT NULL,
  `qg` int(11) NOT NULL,
  `cl` int(11) NOT NULL
) ENGINE=InnoDB DEFAULT CHARSET=latin1;

--
-- Dumping data for table `exam`
--

INSERT INTO `exam` (`id`, `name`, `sub`, `dt`, `dtt`, `sdt`, `qg`, `cl`) VALUES
(15, 'test', 9, '2018/03/23 14:27:31', '2018/03/27 16:27:31', '03/19/2018 07:28 PM', 4, 1),
(16, 'HTML', 12, '2018/03/23 22:01:47', '2018/05/05 23:01:47', '03/23/2018 10:02 PM', 5, 1);

-- --------------------------------------------------------

--
-- Table structure for table `history`
--

CREATE TABLE `history` (
  `id` int(11) NOT NULL,
  `user` varchar(50) NOT NULL,
  `action` varchar(1000) CHARACTER SET utf8 COLLATE utf8_swedish_ci NOT NULL,
  `time` timestamp NOT NULL DEFAULT CURRENT_TIMESTAMP ON UPDATE CURRENT_TIMESTAMP,
  `page` varchar(1000) NOT NULL
) ENGINE=InnoDB DEFAULT CHARSET=latin1;

--
-- Dumping data for table `history`
--

INSERT INTO `history` (`id`, `user`, `action`, `time`, `page`) VALUES
(3, 'admin', 'هەژمارکردنی ئامادەبوان', '2018-03-24 10:53:56', 'attendance.php?cl=1&amp;subject=9&amp;gr=A&amp;dt=2018-03-24&amp;tm=08%3A30&amp;etm=09%3A30'),
(4, 'admin', 'دەستکاریکردنی تاقیکردنەوە', '2018-03-25 21:23:19', 'exam.php?edit=15'),
(5, 'admin', 'دەستکاریکردنی تاقیکردنەوە', '2018-03-25 21:23:25', 'exam.php?edit=15'),
(6, 'admin', 'دەستکاریکردنی خشتەی هەفتانە', '2018-03-27 09:09:11', 'timetable.php?edit=20'),
(7, 'admin', 'زیادکردنی شێوازی نمرەکان', '2018-03-28 03:49:46', 'mark-type.php?id'),
(8, 'admin', 'دەستکاریکردنی شێوازی نمرەکان', '2018-03-28 03:49:58', 'mark-type.php?edit=5'),
(9, 'admin', 'زیادکردنی شێوازی نمرەکان', '2018-03-28 03:51:21', 'mark-type.php?id'),
(10, 'admin', 'زیادکردنی شێوازی نمرەکان', '2018-03-28 03:51:29', 'mark-type.php?id'),
(11, 'admin', 'زیادکردنی شێوازی نمرەکان', '2018-03-28 03:51:39', 'mark-type.php?id'),
(12, 'admin', 'دەستکاریکردنی شێوازی نمرەکان', '2018-03-28 03:51:58', 'mark-type.php?edit=6'),
(13, 'admin', 'هەژمارکردنی نمرەی خوێندکاران', '2018-03-28 03:57:15', 'mark.php?edit=1&amp;subject=9'),
(14, 'admin', 'هەژمارکردنی نمرەی خوێندکاران', '2018-03-28 04:21:11', 'mark.php?edit=1&amp;subject=12'),
(15, 'admin', 'هەژمارکردنی نمرەی خوێندکاران', '2018-03-28 04:21:39', 'mark.php?edit=1&amp;subject=13'),
(16, 'admin', 'هەژمارکردنی نمرەی خوێندکاران', '2018-03-28 04:22:01', 'mark.php?edit=1&amp;subject=14'),
(17, 'admin', 'هەژمارکردنی نمرەی خوێندکاران', '2018-03-28 04:22:36', 'mark.php?edit=1&amp;subject=16'),
(18, 'admin', 'هەژمارکردنی نمرەی خوێندکاران', '2018-03-28 04:22:59', 'mark.php?edit=1&amp;subject=39'),
(19, 'admin', 'سڕینەوەی بابەت', '2018-03-28 04:25:29', 'subject.php?del=40'),
(20, 'admin', 'هەژمارکردنی نمرەی خوێندکاران', '2018-03-28 04:26:09', 'mark.php?edit=1&amp;subject=41'),
(21, 'admin', 'هەژمارکردنی نمرەی خوێندکاران', '2018-03-28 04:26:32', 'mark.php?edit=1&amp;subject=43'),
(22, 'admin', 'هەژمارکردنی نمرەی خوێندکاران', '2018-03-28 04:26:56', 'mark.php?edit=1&amp;subject=42'),
(23, 'admin', 'دەستکاریکردنی خشتەی هەفتانە', '2018-03-28 06:13:14', 'timetable.php?edit=5'),
(24, 'admin', 'دەستکاریکردنی خشتەی هەفتانە', '2018-03-28 06:13:39', 'timetable.php?edit=19'),
(25, 'admin', 'دەستکاریکردنی خشتەی هەفتانە', '2018-03-28 06:13:55', 'timetable.php?edit=19'),
(26, 'admin', 'هەژمارکردنی ئامادەبوان', '2018-03-28 06:26:40', 'attendance.php?cl=1&amp;subject=9&amp;gr=A&amp;dt=2018-03-28&amp;tm=09%3A30&amp;etm=10%3A30'),
(27, 'admin', 'هەژمارکردنی ئامادەبوان', '2018-03-28 06:26:49', 'attendance.php?cl=1&amp;subject=9&amp;gr=A&amp;dt=2018-03-28&amp;tm=09%3A30&amp;etm=10%3A30'),
(28, 'admin', 'هەژمارکردنی ئامادەبوان', '2018-03-28 06:27:05', 'attendance.php?cl=1&amp;subject=9&amp;gr=A&amp;dt=2018-03-28&amp;tm=09%3A30&amp;etm=10%3A30'),
(29, 'admin', 'هەژمارکردنی ئامادەبوان', '2018-03-28 06:55:55', 'attendance.php?cl=1&amp;subject=9&amp;gr=A&amp;dt=2018-03-28&amp;tm=08%3A30&amp;etm=09%3A30&amp;absentAll=false'),
(30, 'admin', 'هەژمارکردنی ئامادەبوان', '2018-03-28 06:55:56', 'attendance.php?cl=1&amp;subject=9&amp;gr=A&amp;dt=2018-03-28&amp;tm=08%3A30&amp;etm=09%3A30&amp;absentAll=false'),
(31, 'admin', 'هەژمارکردنی ئامادەبوان', '2018-03-28 06:55:58', 'attendance.php?cl=1&amp;subject=9&amp;gr=A&amp;dt=2018-03-28&amp;tm=08%3A30&amp;etm=09%3A30&amp;absentAll=false'),
(32, 'admin', 'هەژمارکردنی ئامادەبوان', '2018-03-28 06:55:59', 'attendance.php?cl=1&amp;subject=9&amp;gr=A&amp;dt=2018-03-28&amp;tm=08%3A30&amp;etm=09%3A30&amp;absentAll=false'),
(33, 'admin', 'هەژمارکردنی ئامادەبوان', '2018-03-28 06:56:01', 'attendance.php?cl=1&amp;subject=9&amp;gr=A&amp;dt=2018-03-28&amp;tm=08%3A30&amp;etm=09%3A30&amp;absentAll=false'),
(34, 'admin', 'هەژمارکردنی ئامادەبوان', '2018-03-28 06:56:02', 'attendance.php?cl=1&amp;subject=9&amp;gr=A&amp;dt=2018-03-28&amp;tm=08%3A30&amp;etm=09%3A30&amp;absentAll=false'),
(35, 'admin', 'هەژمارکردنی ئامادەبوان', '2018-03-28 06:56:04', 'attendance.php?cl=1&amp;subject=9&amp;gr=A&amp;dt=2018-03-28&amp;tm=08%3A30&amp;etm=09%3A30&amp;absentAll=false'),
(36, 'admin', 'هەژمارکردنی ئامادەبوان', '2018-03-28 06:56:06', 'attendance.php?cl=1&amp;subject=9&amp;gr=A&amp;dt=2018-03-28&amp;tm=08%3A30&amp;etm=09%3A30&amp;absentAll=false'),
(37, 'admin', 'هەژمارکردنی ئامادەبوان', '2018-03-28 06:56:08', 'attendance.php?cl=1&amp;subject=9&amp;gr=A&amp;dt=2018-03-28&amp;tm=08%3A30&amp;etm=09%3A30&amp;absentAll=false'),
(38, 'admin', 'هەژمارکردنی ئامادەبوان', '2018-03-28 06:56:09', 'attendance.php?cl=1&amp;subject=9&amp;gr=A&amp;dt=2018-03-28&amp;tm=08%3A30&amp;etm=09%3A30&amp;absentAll=false'),
(39, 'admin', 'هەژمارکردنی ئامادەبوان', '2018-03-28 06:56:11', 'attendance.php?cl=1&amp;subject=9&amp;gr=A&amp;dt=2018-03-28&amp;tm=08%3A30&amp;etm=09%3A30&amp;absentAll=false'),
(40, 'admin', 'هەژمارکردنی ئامادەبوان', '2018-03-28 06:56:12', 'attendance.php?cl=1&amp;subject=9&amp;gr=A&amp;dt=2018-03-28&amp;tm=08%3A30&amp;etm=09%3A30&amp;absentAll=false'),
(41, 'admin', 'هەژمارکردنی ئامادەبوان', '2018-03-28 06:56:14', 'attendance.php?cl=1&amp;subject=9&amp;gr=A&amp;dt=2018-03-28&amp;tm=08%3A30&amp;etm=09%3A30&amp;absentAll=false'),
(42, 'admin', 'هەژمارکردنی ئامادەبوان', '2018-03-28 06:56:15', 'attendance.php?cl=1&amp;subject=9&amp;gr=A&amp;dt=2018-03-28&amp;tm=08%3A30&amp;etm=09%3A30&amp;absentAll=false'),
(43, 'admin', 'هەژمارکردنی ئامادەبوان', '2018-03-28 06:56:17', 'attendance.php?cl=1&amp;subject=9&amp;gr=A&amp;dt=2018-03-28&amp;tm=08%3A30&amp;etm=09%3A30&amp;absentAll=false'),
(44, 'admin', 'هەژمارکردنی ئامادەبوان', '2018-03-28 06:57:17', 'attendance.php?cl=1&amp;subject=9&amp;gr=A&amp;dt=2018-03-28&amp;tm=08%3A30&amp;etm=09%3A30&amp;absentAll&amp;absentAll&amp;absentAll=false=false'),
(45, 'admin', 'هەژمارکردنی ئامادەبوان', '2018-03-28 06:57:18', 'attendance.php?cl=1&amp;subject=9&amp;gr=A&amp;dt=2018-03-28&amp;tm=08%3A30&amp;etm=09%3A30&amp;absentAll&amp;absentAll&amp;absentAll=false=false'),
(46, 'admin', 'هەژمارکردنی ئامادەبوان', '2018-03-28 06:57:20', 'attendance.php?cl=1&amp;subject=9&amp;gr=A&amp;dt=2018-03-28&amp;tm=08%3A30&amp;etm=09%3A30&amp;absentAll&amp;absentAll&amp;absentAll=false=false'),
(47, 'admin', 'هەژمارکردنی ئامادەبوان', '2018-03-28 06:57:21', 'attendance.php?cl=1&amp;subject=9&amp;gr=A&amp;dt=2018-03-28&amp;tm=08%3A30&amp;etm=09%3A30&amp;absentAll&amp;absentAll&amp;absentAll=false=false'),
(48, 'admin', 'هەژمارکردنی ئامادەبوان', '2018-03-28 06:57:23', 'attendance.php?cl=1&amp;subject=9&amp;gr=A&amp;dt=2018-03-28&amp;tm=08%3A30&amp;etm=09%3A30&amp;absentAll&amp;absentAll&amp;absentAll=false=false'),
(49, 'admin', 'دەستکاریکردنی تاقیکردنەوە', '2018-03-30 07:33:54', 'exam.php?edit=16'),
(50, 'admin', 'هەژمارکردنی ئامادەبوان', '2018-03-30 07:42:41', 'attendance.php?cl=1&amp;subject=9&amp;gr=A&amp;dt=2018-03-30&amp;tm=08%3A30&amp;etm=09%3A30'),
(51, 'admin', 'هەژمارکردنی ئامادەبوان', '2018-04-05 10:49:10', 'attendance.php?cl=1&amp;subject=9&amp;gr=A&amp;dt=2018-04-05&amp;tm=08%3A30&amp;etm=09%3A30'),
(52, 'admin', 'هەژمارکردنی ئامادەبوان', '2018-04-05 11:10:03', 'attendance.php?cl=2&amp;subject=21&amp;gr=A&amp;dt=2018-04-05&amp;tm=09%3A30&amp;etm=12%3A30'),
(53, 'admin', 'گۆڕینی وشەی نهێنی', '2018-04-05 17:26:46', 'profile.php?user=akam&amp;r=2'),
(54, 'admin', 'سڕینەوەی ئاگادارکردنەوە', '2018-04-05 17:27:31', 'notic.php?del=1'),
(55, 'admin', 'هەژمارکردنی ئامادەبوان', '2018-04-05 17:28:40', 'attendance.php?cl=1&amp;subject=9&amp;gr=B&amp;dt=2018-04-05&amp;tm=08%3A30&amp;etm=10%3A30'),
(56, 'admin', 'هەژمارکردنی ئامادەبوان', '2018-04-05 17:30:04', 'attendance.php?cl=1&amp;subject=14&amp;gr=B&amp;dt=2018-04-06&amp;tm=08%3A30&amp;etm=10%3A30'),
(57, 'admin', 'هەژمارکردنی ئامادەبوان', '2018-04-05 17:41:54', 'attendance.php?cl=1&amp;subject=9&amp;gr=A&amp;dt=2018-04-05&amp;tm=11%3A30&amp;etm=12%3A30'),
(58, 'admin', 'دەستکاریکردنی تاقیکردنەوە', '2018-04-10 18:14:26', 'exam.php?edit=16');

-- --------------------------------------------------------

--
-- Table structure for table `lib`
--

CREATE TABLE `lib` (
  `id` int(11) NOT NULL,
  `bn` varchar(250) CHARACTER SET utf8 COLLATE utf8_swedish_ci NOT NULL,
  `ba` varchar(250) CHARACTER SET utf8 COLLATE utf8_swedish_ci NOT NULL,
  `type` varchar(250) CHARACTER SET utf8 COLLATE utf8_swedish_ci NOT NULL,
  `pdf` varchar(250) CHARACTER SET utf8 COLLATE utf8_swedish_ci NOT NULL,
  `img` varchar(500) CHARACTER SET utf8 COLLATE utf8_swedish_ci NOT NULL,
  `ab` varchar(5000) NOT NULL,
  `user` varchar(255) NOT NULL
) ENGINE=InnoDB DEFAULT CHARSET=latin1;

--
-- Dumping data for table `lib`
--

INSERT INTO `lib` (`id`, `bn`, `ba`, `type`, `pdf`, `img`, `ab`, `user`) VALUES
(18, 'HTML', 'HTML', 'HTML', '2018-01-03 (16-03-46)_f63340857abf1f03092296604ae14331.pdf', '2018-01-03 (16-03-46)_779b7513263ef185b6d094af290ef540.png', '', '0'),
(19, 'test', 'test', 'test', '2018-02-22 (01-26-58)_b16aa957295d4a01843c005c1df8db61.pdf', 'd41d8cd98f00b204e9800998ecf8427e', 'test', '0'),
(20, 'new', 'new', 'test', '2018-02-22 (01-37-02)_b16aa957295d4a01843c005c1df8db61.pdf', 'd41d8cd98f00b204e9800998ecf8427e', 'test', 'admin');

-- --------------------------------------------------------

--
-- Table structure for table `mark`
--

CREATE TABLE `mark` (
  `mark_id` int(11) NOT NULL,
  `mark` int(11) NOT NULL,
  `type` int(11) NOT NULL
) ENGINE=InnoDB DEFAULT CHARSET=latin1;

--
-- Dumping data for table `mark`
--

INSERT INTO `mark` (`mark_id`, `mark`, `type`) VALUES
(5, 60, 4),
(6, 10, 1),
(7, 15, 3),
(8, 15, 2);

-- --------------------------------------------------------

--
-- Table structure for table `mark_data`
--

CREATE TABLE `mark_data` (
  `markd_id` int(11) NOT NULL,
  `type` int(11) NOT NULL,
  `student_id` int(11) NOT NULL,
  `subject_id` int(11) NOT NULL,
  `mark` int(11) NOT NULL
) ENGINE=InnoDB DEFAULT CHARSET=latin1;

--
-- Dumping data for table `mark_data`
--

INSERT INTO `mark_data` (`markd_id`, `type`, `student_id`, `subject_id`, `mark`) VALUES
(257, 4, 22, 12, 60),
(259, 1, 22, 9, 10),
(260, 2, 22, 9, 15),
(261, 3, 22, 9, 15),
(262, 4, 22, 9, 60),
(263, 1, 28, 9, 0),
(264, 2, 28, 9, 0),
(265, 3, 28, 9, 0),
(266, 4, 28, 9, 0),
(267, 1, 184, 9, 0),
(268, 2, 184, 9, 0),
(269, 3, 184, 9, 0),
(270, 4, 184, 9, 0),
(271, 1, 185, 9, 0),
(272, 2, 185, 9, 0),
(273, 3, 185, 9, 0),
(274, 4, 185, 9, 0),
(275, 1, 186, 9, 0),
(276, 2, 186, 9, 0),
(277, 3, 186, 9, 0),
(278, 4, 186, 9, 0),
(279, 1, 187, 9, 0),
(280, 2, 187, 9, 0),
(281, 3, 187, 9, 0),
(282, 4, 187, 9, 0),
(283, 1, 188, 9, 0),
(284, 2, 188, 9, 0),
(285, 3, 188, 9, 0),
(286, 4, 188, 9, 0),
(287, 1, 189, 9, 0),
(288, 2, 189, 9, 0),
(289, 3, 189, 9, 0),
(290, 4, 189, 9, 0),
(291, 1, 190, 9, 0),
(292, 2, 190, 9, 0),
(293, 3, 190, 9, 0),
(294, 4, 190, 9, 0),
(295, 1, 191, 9, 0),
(296, 2, 191, 9, 0),
(297, 3, 191, 9, 0),
(298, 4, 191, 9, 0),
(299, 1, 192, 9, 0),
(300, 2, 192, 9, 0),
(301, 3, 192, 9, 0),
(302, 4, 192, 9, 0),
(303, 1, 193, 9, 0),
(304, 2, 193, 9, 0),
(305, 3, 193, 9, 0),
(306, 4, 193, 9, 0),
(307, 1, 194, 9, 0),
(308, 2, 194, 9, 0),
(309, 3, 194, 9, 0),
(310, 4, 194, 9, 0),
(311, 1, 195, 9, 0),
(312, 2, 195, 9, 0),
(313, 3, 195, 9, 0),
(314, 4, 195, 9, 0),
(315, 1, 196, 9, 0),
(316, 2, 196, 9, 0),
(317, 3, 196, 9, 0),
(318, 4, 196, 9, 0),
(319, 1, 197, 9, 0),
(320, 2, 197, 9, 0),
(321, 3, 197, 9, 0),
(322, 4, 197, 9, 0),
(323, 1, 198, 9, 0),
(324, 2, 198, 9, 0),
(325, 3, 198, 9, 0),
(326, 4, 198, 9, 0),
(327, 1, 199, 9, 0),
(328, 2, 199, 9, 0),
(329, 3, 199, 9, 0),
(330, 4, 199, 9, 0),
(331, 1, 200, 9, 0),
(332, 2, 200, 9, 0),
(333, 3, 200, 9, 0),
(334, 4, 200, 9, 0),
(335, 1, 201, 9, 0),
(336, 2, 201, 9, 0),
(337, 3, 201, 9, 0),
(338, 4, 201, 9, 0),
(339, 1, 202, 9, 0),
(340, 2, 202, 9, 0),
(341, 3, 202, 9, 0),
(342, 4, 202, 9, 0),
(343, 1, 203, 9, 0),
(344, 2, 203, 9, 0),
(345, 3, 203, 9, 0),
(346, 4, 203, 9, 0),
(347, 1, 204, 9, 0),
(348, 2, 204, 9, 0),
(349, 3, 204, 9, 0),
(350, 4, 204, 9, 0),
(351, 1, 205, 9, 0),
(352, 2, 205, 9, 0),
(353, 3, 205, 9, 0),
(354, 4, 205, 9, 0),
(355, 1, 206, 9, 0),
(356, 2, 206, 9, 0),
(357, 3, 206, 9, 0),
(358, 4, 206, 9, 0),
(359, 1, 207, 9, 0),
(360, 2, 207, 9, 0),
(361, 3, 207, 9, 0),
(362, 4, 207, 9, 0),
(363, 1, 208, 9, 0),
(364, 2, 208, 9, 0),
(365, 3, 208, 9, 0),
(366, 4, 208, 9, 0),
(367, 1, 209, 9, 0),
(368, 2, 209, 9, 0),
(369, 3, 209, 9, 0),
(370, 4, 209, 9, 0),
(371, 1, 210, 9, 0),
(372, 2, 210, 9, 0),
(373, 3, 210, 9, 0),
(374, 4, 210, 9, 0),
(375, 1, 211, 9, 0),
(376, 2, 211, 9, 0),
(377, 3, 211, 9, 0),
(378, 4, 211, 9, 0),
(379, 1, 212, 9, 0),
(380, 2, 212, 9, 0),
(381, 3, 212, 9, 0),
(382, 4, 212, 9, 0),
(383, 1, 213, 9, 0),
(384, 2, 213, 9, 0),
(385, 3, 213, 9, 0),
(386, 4, 213, 9, 0),
(387, 1, 214, 9, 0),
(388, 2, 214, 9, 0),
(389, 3, 214, 9, 0),
(390, 4, 214, 9, 0),
(391, 1, 215, 9, 0),
(392, 2, 215, 9, 0),
(393, 3, 215, 9, 0),
(394, 4, 215, 9, 0),
(395, 1, 216, 9, 0),
(396, 2, 216, 9, 0),
(397, 3, 216, 9, 0),
(398, 4, 216, 9, 0),
(399, 1, 217, 9, 0),
(400, 2, 217, 9, 0),
(401, 3, 217, 9, 0),
(402, 4, 217, 9, 0),
(403, 1, 218, 9, 0),
(404, 2, 218, 9, 0),
(405, 3, 218, 9, 0),
(406, 4, 218, 9, 0),
(407, 1, 219, 9, 0),
(408, 2, 219, 9, 0),
(409, 3, 219, 9, 0),
(410, 4, 219, 9, 0),
(411, 1, 220, 9, 0),
(412, 2, 220, 9, 0),
(413, 3, 220, 9, 0),
(414, 4, 220, 9, 0),
(415, 1, 221, 9, 0),
(416, 2, 221, 9, 0),
(417, 3, 221, 9, 0),
(418, 4, 221, 9, 0),
(419, 1, 222, 9, 0),
(420, 2, 222, 9, 0),
(421, 3, 222, 9, 0),
(422, 4, 222, 9, 0),
(423, 1, 223, 9, 0),
(424, 2, 223, 9, 0),
(425, 3, 223, 9, 0),
(426, 4, 223, 9, 0),
(427, 1, 224, 9, 0),
(428, 2, 224, 9, 0),
(429, 3, 224, 9, 0),
(430, 4, 224, 9, 0),
(431, 1, 225, 9, 0),
(432, 2, 225, 9, 0),
(433, 3, 225, 9, 0),
(434, 4, 225, 9, 0),
(435, 1, 226, 9, 0),
(436, 2, 226, 9, 0),
(437, 3, 226, 9, 0),
(438, 4, 226, 9, 0),
(439, 1, 227, 9, 0),
(440, 2, 227, 9, 0),
(441, 3, 227, 9, 0),
(442, 4, 227, 9, 0),
(443, 1, 228, 9, 0),
(444, 2, 228, 9, 0),
(445, 3, 228, 9, 0),
(446, 4, 228, 9, 0),
(447, 1, 229, 9, 0),
(448, 2, 229, 9, 0),
(449, 3, 229, 9, 0),
(450, 4, 229, 9, 0),
(451, 1, 230, 9, 0),
(452, 2, 230, 9, 0),
(453, 3, 230, 9, 0),
(454, 4, 230, 9, 0),
(455, 1, 231, 9, 0),
(456, 2, 231, 9, 0),
(457, 3, 231, 9, 0),
(458, 4, 231, 9, 0),
(459, 1, 232, 9, 0),
(460, 2, 232, 9, 0),
(461, 3, 232, 9, 0),
(462, 4, 232, 9, 0),
(463, 1, 233, 9, 0),
(464, 2, 233, 9, 0),
(465, 3, 233, 9, 0),
(466, 4, 233, 9, 0),
(467, 1, 234, 9, 0),
(468, 2, 234, 9, 0),
(469, 3, 234, 9, 0),
(470, 4, 234, 9, 0),
(471, 1, 235, 9, 0),
(472, 2, 235, 9, 0),
(473, 3, 235, 9, 0),
(474, 4, 235, 9, 0),
(475, 1, 236, 9, 0),
(476, 2, 236, 9, 0),
(477, 3, 236, 9, 0),
(478, 4, 236, 9, 0),
(479, 1, 22, 12, 10),
(480, 2, 22, 12, 15),
(481, 3, 22, 12, 15),
(482, 1, 28, 12, 0),
(483, 2, 28, 12, 0),
(484, 3, 28, 12, 0),
(485, 4, 28, 12, 0),
(486, 1, 184, 12, 0),
(487, 2, 184, 12, 0),
(488, 3, 184, 12, 0),
(489, 4, 184, 12, 0),
(490, 1, 185, 12, 0),
(491, 2, 185, 12, 0),
(492, 3, 185, 12, 0),
(493, 4, 185, 12, 0),
(494, 1, 186, 12, 0),
(495, 2, 186, 12, 0),
(496, 3, 186, 12, 0),
(497, 4, 186, 12, 0),
(498, 1, 187, 12, 0),
(499, 2, 187, 12, 0),
(500, 3, 187, 12, 0),
(501, 4, 187, 12, 0),
(502, 1, 188, 12, 0),
(503, 2, 188, 12, 0),
(504, 3, 188, 12, 0),
(505, 4, 188, 12, 0),
(506, 1, 189, 12, 0),
(507, 2, 189, 12, 0),
(508, 3, 189, 12, 0),
(509, 4, 189, 12, 0),
(510, 1, 190, 12, 0),
(511, 2, 190, 12, 0),
(512, 3, 190, 12, 0),
(513, 4, 190, 12, 0),
(514, 1, 191, 12, 0),
(515, 2, 191, 12, 0),
(516, 3, 191, 12, 0),
(517, 4, 191, 12, 0),
(518, 1, 192, 12, 0),
(519, 2, 192, 12, 0),
(520, 3, 192, 12, 0),
(521, 4, 192, 12, 0),
(522, 1, 193, 12, 0),
(523, 2, 193, 12, 0),
(524, 3, 193, 12, 0),
(525, 4, 193, 12, 0),
(526, 1, 194, 12, 0),
(527, 2, 194, 12, 0),
(528, 3, 194, 12, 0),
(529, 4, 194, 12, 0),
(530, 1, 195, 12, 0),
(531, 2, 195, 12, 0),
(532, 3, 195, 12, 0),
(533, 4, 195, 12, 0),
(534, 1, 196, 12, 0),
(535, 2, 196, 12, 0),
(536, 3, 196, 12, 0),
(537, 4, 196, 12, 0),
(538, 1, 197, 12, 0),
(539, 2, 197, 12, 0),
(540, 3, 197, 12, 0),
(541, 4, 197, 12, 0),
(542, 1, 198, 12, 0),
(543, 2, 198, 12, 0),
(544, 3, 198, 12, 0),
(545, 4, 198, 12, 0),
(546, 1, 199, 12, 0),
(547, 2, 199, 12, 0),
(548, 3, 199, 12, 0),
(549, 4, 199, 12, 0),
(550, 1, 200, 12, 0),
(551, 2, 200, 12, 0),
(552, 3, 200, 12, 0),
(553, 4, 200, 12, 0),
(554, 1, 201, 12, 0),
(555, 2, 201, 12, 0),
(556, 3, 201, 12, 0),
(557, 4, 201, 12, 0),
(558, 1, 202, 12, 0),
(559, 2, 202, 12, 0),
(560, 3, 202, 12, 0),
(561, 4, 202, 12, 0),
(562, 1, 203, 12, 0),
(563, 2, 203, 12, 0),
(564, 3, 203, 12, 0),
(565, 4, 203, 12, 0),
(566, 1, 204, 12, 0),
(567, 2, 204, 12, 0),
(568, 3, 204, 12, 0),
(569, 4, 204, 12, 0),
(570, 1, 205, 12, 0),
(571, 2, 205, 12, 0),
(572, 3, 205, 12, 0),
(573, 4, 205, 12, 0),
(574, 1, 206, 12, 0),
(575, 2, 206, 12, 0),
(576, 3, 206, 12, 0),
(577, 4, 206, 12, 0),
(578, 1, 207, 12, 0),
(579, 2, 207, 12, 0),
(580, 3, 207, 12, 0),
(581, 4, 207, 12, 0),
(582, 1, 208, 12, 0),
(583, 2, 208, 12, 0),
(584, 3, 208, 12, 0),
(585, 4, 208, 12, 0),
(586, 1, 209, 12, 0),
(587, 2, 209, 12, 0),
(588, 3, 209, 12, 0),
(589, 4, 209, 12, 0),
(590, 1, 210, 12, 0),
(591, 2, 210, 12, 0),
(592, 3, 210, 12, 0),
(593, 4, 210, 12, 0),
(594, 1, 211, 12, 0),
(595, 2, 211, 12, 0),
(596, 3, 211, 12, 0),
(597, 4, 211, 12, 0),
(598, 1, 212, 12, 0),
(599, 2, 212, 12, 0),
(600, 3, 212, 12, 0),
(601, 4, 212, 12, 0),
(602, 1, 213, 12, 0),
(603, 2, 213, 12, 0),
(604, 3, 213, 12, 0),
(605, 4, 213, 12, 0),
(606, 1, 214, 12, 0),
(607, 2, 214, 12, 0),
(608, 3, 214, 12, 0),
(609, 4, 214, 12, 0),
(610, 1, 215, 12, 0),
(611, 2, 215, 12, 0),
(612, 3, 215, 12, 0),
(613, 4, 215, 12, 0),
(614, 1, 216, 12, 0),
(615, 2, 216, 12, 0),
(616, 3, 216, 12, 0),
(617, 4, 216, 12, 0),
(618, 1, 217, 12, 0),
(619, 2, 217, 12, 0),
(620, 3, 217, 12, 0),
(621, 4, 217, 12, 0),
(622, 1, 218, 12, 0),
(623, 2, 218, 12, 0),
(624, 3, 218, 12, 0),
(625, 4, 218, 12, 0),
(626, 1, 219, 12, 0),
(627, 2, 219, 12, 0),
(628, 3, 219, 12, 0),
(629, 4, 219, 12, 0),
(630, 1, 220, 12, 0),
(631, 2, 220, 12, 0),
(632, 3, 220, 12, 0),
(633, 4, 220, 12, 0),
(634, 1, 221, 12, 0),
(635, 2, 221, 12, 0),
(636, 3, 221, 12, 0),
(637, 4, 221, 12, 0),
(638, 1, 222, 12, 0),
(639, 2, 222, 12, 0),
(640, 3, 222, 12, 0),
(641, 4, 222, 12, 0),
(642, 1, 223, 12, 0),
(643, 2, 223, 12, 0),
(644, 3, 223, 12, 0),
(645, 4, 223, 12, 0),
(646, 1, 224, 12, 0),
(647, 2, 224, 12, 0),
(648, 3, 224, 12, 0),
(649, 4, 224, 12, 0),
(650, 1, 225, 12, 0),
(651, 2, 225, 12, 0),
(652, 3, 225, 12, 0),
(653, 4, 225, 12, 0),
(654, 1, 226, 12, 0),
(655, 2, 226, 12, 0),
(656, 3, 226, 12, 0),
(657, 4, 226, 12, 0),
(658, 1, 227, 12, 0),
(659, 2, 227, 12, 0),
(660, 3, 227, 12, 0),
(661, 4, 227, 12, 0),
(662, 1, 228, 12, 0),
(663, 2, 228, 12, 0),
(664, 3, 228, 12, 0),
(665, 4, 228, 12, 0),
(666, 1, 229, 12, 0),
(667, 2, 229, 12, 0),
(668, 3, 229, 12, 0),
(669, 4, 229, 12, 0),
(670, 1, 230, 12, 0),
(671, 2, 230, 12, 0),
(672, 3, 230, 12, 0),
(673, 4, 230, 12, 0),
(674, 1, 231, 12, 0),
(675, 2, 231, 12, 0),
(676, 3, 231, 12, 0),
(677, 4, 231, 12, 0),
(678, 1, 232, 12, 0),
(679, 2, 232, 12, 0),
(680, 3, 232, 12, 0),
(681, 4, 232, 12, 0),
(682, 1, 233, 12, 0),
(683, 2, 233, 12, 0),
(684, 3, 233, 12, 0),
(685, 4, 233, 12, 0),
(686, 1, 234, 12, 0),
(687, 2, 234, 12, 0),
(688, 3, 234, 12, 0),
(689, 4, 234, 12, 0),
(690, 1, 235, 12, 0),
(691, 2, 235, 12, 0),
(692, 3, 235, 12, 0),
(693, 4, 235, 12, 0),
(694, 1, 236, 12, 0),
(695, 2, 236, 12, 0),
(696, 3, 236, 12, 0),
(697, 4, 236, 12, 0),
(698, 1, 22, 13, 10),
(699, 2, 22, 13, 15),
(700, 3, 22, 13, 15),
(701, 4, 22, 13, 60),
(702, 1, 28, 13, 0),
(703, 2, 28, 13, 0),
(704, 3, 28, 13, 0),
(705, 4, 28, 13, 0),
(706, 1, 184, 13, 0),
(707, 2, 184, 13, 0),
(708, 3, 184, 13, 0),
(709, 4, 184, 13, 0),
(710, 1, 185, 13, 0),
(711, 2, 185, 13, 0),
(712, 3, 185, 13, 0),
(713, 4, 185, 13, 0),
(714, 1, 186, 13, 0),
(715, 2, 186, 13, 0),
(716, 3, 186, 13, 0),
(717, 4, 186, 13, 0),
(718, 1, 187, 13, 0),
(719, 2, 187, 13, 0),
(720, 3, 187, 13, 0),
(721, 4, 187, 13, 0),
(722, 1, 188, 13, 0),
(723, 2, 188, 13, 0),
(724, 3, 188, 13, 0),
(725, 4, 188, 13, 0),
(726, 1, 189, 13, 0),
(727, 2, 189, 13, 0),
(728, 3, 189, 13, 0),
(729, 4, 189, 13, 0),
(730, 1, 190, 13, 0),
(731, 2, 190, 13, 0),
(732, 3, 190, 13, 0),
(733, 4, 190, 13, 0),
(734, 1, 191, 13, 0),
(735, 2, 191, 13, 0),
(736, 3, 191, 13, 0),
(737, 4, 191, 13, 0),
(738, 1, 192, 13, 0),
(739, 2, 192, 13, 0),
(740, 3, 192, 13, 0),
(741, 4, 192, 13, 0),
(742, 1, 193, 13, 0),
(743, 2, 193, 13, 0),
(744, 3, 193, 13, 0),
(745, 4, 193, 13, 0),
(746, 1, 194, 13, 0),
(747, 2, 194, 13, 0),
(748, 3, 194, 13, 0),
(749, 4, 194, 13, 0),
(750, 1, 195, 13, 0),
(751, 2, 195, 13, 0),
(752, 3, 195, 13, 0),
(753, 4, 195, 13, 0),
(754, 1, 196, 13, 0),
(755, 2, 196, 13, 0),
(756, 3, 196, 13, 0),
(757, 4, 196, 13, 0),
(758, 1, 197, 13, 0),
(759, 2, 197, 13, 0),
(760, 3, 197, 13, 0),
(761, 4, 197, 13, 0),
(762, 1, 198, 13, 0),
(763, 2, 198, 13, 0),
(764, 3, 198, 13, 0),
(765, 4, 198, 13, 0),
(766, 1, 199, 13, 0),
(767, 2, 199, 13, 0),
(768, 3, 199, 13, 0),
(769, 4, 199, 13, 0),
(770, 1, 200, 13, 0),
(771, 2, 200, 13, 0),
(772, 3, 200, 13, 0),
(773, 4, 200, 13, 0),
(774, 1, 201, 13, 0),
(775, 2, 201, 13, 0),
(776, 3, 201, 13, 0),
(777, 4, 201, 13, 0),
(778, 1, 202, 13, 0),
(779, 2, 202, 13, 0),
(780, 3, 202, 13, 0),
(781, 4, 202, 13, 0),
(782, 1, 203, 13, 0),
(783, 2, 203, 13, 0),
(784, 3, 203, 13, 0),
(785, 4, 203, 13, 0),
(786, 1, 204, 13, 0),
(787, 2, 204, 13, 0),
(788, 3, 204, 13, 0),
(789, 4, 204, 13, 0),
(790, 1, 205, 13, 0),
(791, 2, 205, 13, 0),
(792, 3, 205, 13, 0),
(793, 4, 205, 13, 0),
(794, 1, 206, 13, 0),
(795, 2, 206, 13, 0),
(796, 3, 206, 13, 0),
(797, 4, 206, 13, 0),
(798, 1, 207, 13, 0),
(799, 2, 207, 13, 0),
(800, 3, 207, 13, 0),
(801, 4, 207, 13, 0),
(802, 1, 208, 13, 0),
(803, 2, 208, 13, 0),
(804, 3, 208, 13, 0),
(805, 4, 208, 13, 0),
(806, 1, 209, 13, 0),
(807, 2, 209, 13, 0),
(808, 3, 209, 13, 0),
(809, 4, 209, 13, 0),
(810, 1, 210, 13, 0),
(811, 2, 210, 13, 0),
(812, 3, 210, 13, 0),
(813, 4, 210, 13, 0),
(814, 1, 211, 13, 0),
(815, 2, 211, 13, 0),
(816, 3, 211, 13, 0),
(817, 4, 211, 13, 0),
(818, 1, 212, 13, 0),
(819, 2, 212, 13, 0),
(820, 3, 212, 13, 0),
(821, 4, 212, 13, 0),
(822, 1, 213, 13, 0),
(823, 2, 213, 13, 0),
(824, 3, 213, 13, 0),
(825, 4, 213, 13, 0),
(826, 1, 214, 13, 0),
(827, 2, 214, 13, 0),
(828, 3, 214, 13, 0),
(829, 4, 214, 13, 0),
(830, 1, 215, 13, 0),
(831, 2, 215, 13, 0),
(832, 3, 215, 13, 0),
(833, 4, 215, 13, 0),
(834, 1, 216, 13, 0),
(835, 2, 216, 13, 0),
(836, 3, 216, 13, 0),
(837, 4, 216, 13, 0),
(838, 1, 217, 13, 0),
(839, 2, 217, 13, 0),
(840, 3, 217, 13, 0),
(841, 4, 217, 13, 0),
(842, 1, 218, 13, 0),
(843, 2, 218, 13, 0),
(844, 3, 218, 13, 0),
(845, 4, 218, 13, 0),
(846, 1, 219, 13, 0),
(847, 2, 219, 13, 0),
(848, 3, 219, 13, 0),
(849, 4, 219, 13, 0),
(850, 1, 220, 13, 0),
(851, 2, 220, 13, 0),
(852, 3, 220, 13, 0),
(853, 4, 220, 13, 0),
(854, 1, 221, 13, 0),
(855, 2, 221, 13, 0),
(856, 3, 221, 13, 0),
(857, 4, 221, 13, 0),
(858, 1, 222, 13, 0),
(859, 2, 222, 13, 0),
(860, 3, 222, 13, 0),
(861, 4, 222, 13, 0),
(862, 1, 223, 13, 0),
(863, 2, 223, 13, 0),
(864, 3, 223, 13, 0),
(865, 4, 223, 13, 0),
(866, 1, 224, 13, 0),
(867, 2, 224, 13, 0),
(868, 3, 224, 13, 0),
(869, 4, 224, 13, 0),
(870, 1, 225, 13, 0),
(871, 2, 225, 13, 0),
(872, 3, 225, 13, 0),
(873, 4, 225, 13, 0),
(874, 1, 226, 13, 0),
(875, 2, 226, 13, 0),
(876, 3, 226, 13, 0),
(877, 4, 226, 13, 0),
(878, 1, 227, 13, 0),
(879, 2, 227, 13, 0),
(880, 3, 227, 13, 0),
(881, 4, 227, 13, 0),
(882, 1, 228, 13, 0),
(883, 2, 228, 13, 0),
(884, 3, 228, 13, 0),
(885, 4, 228, 13, 0),
(886, 1, 229, 13, 0),
(887, 2, 229, 13, 0),
(888, 3, 229, 13, 0),
(889, 4, 229, 13, 0),
(890, 1, 230, 13, 0),
(891, 2, 230, 13, 0),
(892, 3, 230, 13, 0),
(893, 4, 230, 13, 0),
(894, 1, 231, 13, 0),
(895, 2, 231, 13, 0),
(896, 3, 231, 13, 0),
(897, 4, 231, 13, 0),
(898, 1, 232, 13, 0),
(899, 2, 232, 13, 0),
(900, 3, 232, 13, 0),
(901, 4, 232, 13, 0),
(902, 1, 233, 13, 0),
(903, 2, 233, 13, 0),
(904, 3, 233, 13, 0),
(905, 4, 233, 13, 0),
(906, 1, 234, 13, 0),
(907, 2, 234, 13, 0),
(908, 3, 234, 13, 0),
(909, 4, 234, 13, 0),
(910, 1, 235, 13, 0),
(911, 2, 235, 13, 0),
(912, 3, 235, 13, 0),
(913, 4, 235, 13, 0),
(914, 1, 236, 13, 0),
(915, 2, 236, 13, 0),
(916, 3, 236, 13, 0),
(917, 4, 236, 13, 0),
(918, 1, 22, 14, 10),
(919, 2, 22, 14, 15),
(920, 3, 22, 14, 15),
(921, 4, 22, 14, 60),
(922, 1, 28, 14, 0),
(923, 2, 28, 14, 0),
(924, 3, 28, 14, 0),
(925, 4, 28, 14, 0),
(926, 1, 184, 14, 0),
(927, 2, 184, 14, 0),
(928, 3, 184, 14, 0),
(929, 4, 184, 14, 0),
(930, 1, 185, 14, 0),
(931, 2, 185, 14, 0),
(932, 3, 185, 14, 0),
(933, 4, 185, 14, 0),
(934, 1, 186, 14, 0),
(935, 2, 186, 14, 0),
(936, 3, 186, 14, 0),
(937, 4, 186, 14, 0),
(938, 1, 187, 14, 0),
(939, 2, 187, 14, 0),
(940, 3, 187, 14, 0),
(941, 4, 187, 14, 0),
(942, 1, 188, 14, 0),
(943, 2, 188, 14, 0),
(944, 3, 188, 14, 0),
(945, 4, 188, 14, 0),
(946, 1, 189, 14, 0),
(947, 2, 189, 14, 0),
(948, 3, 189, 14, 0),
(949, 4, 189, 14, 0),
(950, 1, 190, 14, 0),
(951, 2, 190, 14, 0),
(952, 3, 190, 14, 0),
(953, 4, 190, 14, 0),
(954, 1, 191, 14, 0),
(955, 2, 191, 14, 0),
(956, 3, 191, 14, 0),
(957, 4, 191, 14, 0),
(958, 1, 192, 14, 0),
(959, 2, 192, 14, 0),
(960, 3, 192, 14, 0),
(961, 4, 192, 14, 0),
(962, 1, 193, 14, 0),
(963, 2, 193, 14, 0),
(964, 3, 193, 14, 0),
(965, 4, 193, 14, 0),
(966, 1, 194, 14, 0),
(967, 2, 194, 14, 0),
(968, 3, 194, 14, 0),
(969, 4, 194, 14, 0),
(970, 1, 195, 14, 0),
(971, 2, 195, 14, 0),
(972, 3, 195, 14, 0),
(973, 4, 195, 14, 0),
(974, 1, 196, 14, 0),
(975, 2, 196, 14, 0),
(976, 3, 196, 14, 0),
(977, 4, 196, 14, 0),
(978, 1, 197, 14, 0),
(979, 2, 197, 14, 0),
(980, 3, 197, 14, 0),
(981, 4, 197, 14, 0),
(982, 1, 198, 14, 0),
(983, 2, 198, 14, 0),
(984, 3, 198, 14, 0),
(985, 4, 198, 14, 0),
(986, 1, 199, 14, 0),
(987, 2, 199, 14, 0),
(988, 3, 199, 14, 0),
(989, 4, 199, 14, 0),
(990, 1, 200, 14, 0),
(991, 2, 200, 14, 0),
(992, 3, 200, 14, 0),
(993, 4, 200, 14, 0),
(994, 1, 201, 14, 0),
(995, 2, 201, 14, 0),
(996, 3, 201, 14, 0),
(997, 4, 201, 14, 0),
(998, 1, 202, 14, 0),
(999, 2, 202, 14, 0),
(1000, 3, 202, 14, 0),
(1001, 4, 202, 14, 0),
(1002, 1, 203, 14, 0),
(1003, 2, 203, 14, 0),
(1004, 3, 203, 14, 0),
(1005, 4, 203, 14, 0),
(1006, 1, 204, 14, 0),
(1007, 2, 204, 14, 0),
(1008, 3, 204, 14, 0),
(1009, 4, 204, 14, 0),
(1010, 1, 205, 14, 0),
(1011, 2, 205, 14, 0),
(1012, 3, 205, 14, 0),
(1013, 4, 205, 14, 0),
(1014, 1, 206, 14, 0),
(1015, 2, 206, 14, 0),
(1016, 3, 206, 14, 0),
(1017, 4, 206, 14, 0),
(1018, 1, 207, 14, 0),
(1019, 2, 207, 14, 0),
(1020, 3, 207, 14, 0),
(1021, 4, 207, 14, 0),
(1022, 1, 208, 14, 0),
(1023, 2, 208, 14, 0),
(1024, 3, 208, 14, 0),
(1025, 4, 208, 14, 0),
(1026, 1, 209, 14, 0),
(1027, 2, 209, 14, 0),
(1028, 3, 209, 14, 0),
(1029, 4, 209, 14, 0),
(1030, 1, 210, 14, 0),
(1031, 2, 210, 14, 0),
(1032, 3, 210, 14, 0),
(1033, 4, 210, 14, 0),
(1034, 1, 211, 14, 0),
(1035, 2, 211, 14, 0),
(1036, 3, 211, 14, 0),
(1037, 4, 211, 14, 0),
(1038, 1, 212, 14, 0),
(1039, 2, 212, 14, 0),
(1040, 3, 212, 14, 0),
(1041, 4, 212, 14, 0),
(1042, 1, 213, 14, 0),
(1043, 2, 213, 14, 0),
(1044, 3, 213, 14, 0),
(1045, 4, 213, 14, 0),
(1046, 1, 214, 14, 0),
(1047, 2, 214, 14, 0),
(1048, 3, 214, 14, 0),
(1049, 4, 214, 14, 0),
(1050, 1, 215, 14, 0),
(1051, 2, 215, 14, 0),
(1052, 3, 215, 14, 0),
(1053, 4, 215, 14, 0),
(1054, 1, 216, 14, 0),
(1055, 2, 216, 14, 0),
(1056, 3, 216, 14, 0),
(1057, 4, 216, 14, 0),
(1058, 1, 217, 14, 0),
(1059, 2, 217, 14, 0),
(1060, 3, 217, 14, 0),
(1061, 4, 217, 14, 0),
(1062, 1, 218, 14, 0),
(1063, 2, 218, 14, 0),
(1064, 3, 218, 14, 0),
(1065, 4, 218, 14, 0),
(1066, 1, 219, 14, 0),
(1067, 2, 219, 14, 0),
(1068, 3, 219, 14, 0),
(1069, 4, 219, 14, 0),
(1070, 1, 220, 14, 0),
(1071, 2, 220, 14, 0),
(1072, 3, 220, 14, 0),
(1073, 4, 220, 14, 0),
(1074, 1, 221, 14, 0),
(1075, 2, 221, 14, 0),
(1076, 3, 221, 14, 0),
(1077, 4, 221, 14, 0),
(1078, 1, 222, 14, 0),
(1079, 2, 222, 14, 0),
(1080, 3, 222, 14, 0),
(1081, 4, 222, 14, 0),
(1082, 1, 223, 14, 0),
(1083, 2, 223, 14, 0),
(1084, 3, 223, 14, 0),
(1085, 4, 223, 14, 0),
(1086, 1, 224, 14, 0),
(1087, 2, 224, 14, 0),
(1088, 3, 224, 14, 0),
(1089, 4, 224, 14, 0),
(1090, 1, 225, 14, 0),
(1091, 2, 225, 14, 0),
(1092, 3, 225, 14, 0),
(1093, 4, 225, 14, 0),
(1094, 1, 226, 14, 0),
(1095, 2, 226, 14, 0),
(1096, 3, 226, 14, 0),
(1097, 4, 226, 14, 0),
(1098, 1, 227, 14, 0),
(1099, 2, 227, 14, 0),
(1100, 3, 227, 14, 0),
(1101, 4, 227, 14, 0),
(1102, 1, 228, 14, 0),
(1103, 2, 228, 14, 0),
(1104, 3, 228, 14, 0),
(1105, 4, 228, 14, 0),
(1106, 1, 229, 14, 0),
(1107, 2, 229, 14, 0),
(1108, 3, 229, 14, 0),
(1109, 4, 229, 14, 0),
(1110, 1, 230, 14, 0),
(1111, 2, 230, 14, 0),
(1112, 3, 230, 14, 0),
(1113, 4, 230, 14, 0),
(1114, 1, 231, 14, 0),
(1115, 2, 231, 14, 0),
(1116, 3, 231, 14, 0),
(1117, 4, 231, 14, 0),
(1118, 1, 232, 14, 0),
(1119, 2, 232, 14, 0),
(1120, 3, 232, 14, 0),
(1121, 4, 232, 14, 0),
(1122, 1, 233, 14, 0),
(1123, 2, 233, 14, 0),
(1124, 3, 233, 14, 0),
(1125, 4, 233, 14, 0),
(1126, 1, 234, 14, 0),
(1127, 2, 234, 14, 0),
(1128, 3, 234, 14, 0),
(1129, 4, 234, 14, 0),
(1130, 1, 235, 14, 0),
(1131, 2, 235, 14, 0),
(1132, 3, 235, 14, 0),
(1133, 4, 235, 14, 0),
(1134, 1, 236, 14, 0),
(1135, 2, 236, 14, 0),
(1136, 3, 236, 14, 0),
(1137, 4, 236, 14, 0),
(1138, 1, 22, 16, 10),
(1139, 2, 22, 16, 15),
(1140, 3, 22, 16, 15),
(1141, 4, 22, 16, 60),
(1142, 1, 28, 16, 0),
(1143, 2, 28, 16, 0),
(1144, 3, 28, 16, 0),
(1145, 4, 28, 16, 0),
(1146, 1, 184, 16, 0),
(1147, 2, 184, 16, 0),
(1148, 3, 184, 16, 0),
(1149, 4, 184, 16, 0),
(1150, 1, 185, 16, 0),
(1151, 2, 185, 16, 0),
(1152, 3, 185, 16, 0),
(1153, 4, 185, 16, 0),
(1154, 1, 186, 16, 0),
(1155, 2, 186, 16, 0),
(1156, 3, 186, 16, 0),
(1157, 4, 186, 16, 0),
(1158, 1, 187, 16, 0),
(1159, 2, 187, 16, 0),
(1160, 3, 187, 16, 0),
(1161, 4, 187, 16, 0),
(1162, 1, 188, 16, 0),
(1163, 2, 188, 16, 0),
(1164, 3, 188, 16, 0),
(1165, 4, 188, 16, 0),
(1166, 1, 189, 16, 0),
(1167, 2, 189, 16, 0),
(1168, 3, 189, 16, 0),
(1169, 4, 189, 16, 0),
(1170, 1, 190, 16, 0),
(1171, 2, 190, 16, 0),
(1172, 3, 190, 16, 0),
(1173, 4, 190, 16, 0),
(1174, 1, 191, 16, 0),
(1175, 2, 191, 16, 0),
(1176, 3, 191, 16, 0),
(1177, 4, 191, 16, 0),
(1178, 1, 192, 16, 0),
(1179, 2, 192, 16, 0),
(1180, 3, 192, 16, 0),
(1181, 4, 192, 16, 0),
(1182, 1, 193, 16, 0),
(1183, 2, 193, 16, 0),
(1184, 3, 193, 16, 0),
(1185, 4, 193, 16, 0),
(1186, 1, 194, 16, 0),
(1187, 2, 194, 16, 0),
(1188, 3, 194, 16, 0),
(1189, 4, 194, 16, 0),
(1190, 1, 195, 16, 0),
(1191, 2, 195, 16, 0),
(1192, 3, 195, 16, 0),
(1193, 4, 195, 16, 0),
(1194, 1, 196, 16, 0),
(1195, 2, 196, 16, 0),
(1196, 3, 196, 16, 0),
(1197, 4, 196, 16, 0),
(1198, 1, 197, 16, 0),
(1199, 2, 197, 16, 0),
(1200, 3, 197, 16, 0),
(1201, 4, 197, 16, 0),
(1202, 1, 198, 16, 0),
(1203, 2, 198, 16, 0),
(1204, 3, 198, 16, 0),
(1205, 4, 198, 16, 0),
(1206, 1, 199, 16, 0),
(1207, 2, 199, 16, 0),
(1208, 3, 199, 16, 0),
(1209, 4, 199, 16, 0),
(1210, 1, 200, 16, 0),
(1211, 2, 200, 16, 0),
(1212, 3, 200, 16, 0),
(1213, 4, 200, 16, 0),
(1214, 1, 201, 16, 0),
(1215, 2, 201, 16, 0),
(1216, 3, 201, 16, 0),
(1217, 4, 201, 16, 0),
(1218, 1, 202, 16, 0),
(1219, 2, 202, 16, 0),
(1220, 3, 202, 16, 0),
(1221, 4, 202, 16, 0),
(1222, 1, 203, 16, 0),
(1223, 2, 203, 16, 0),
(1224, 3, 203, 16, 0),
(1225, 4, 203, 16, 0),
(1226, 1, 204, 16, 0),
(1227, 2, 204, 16, 0),
(1228, 3, 204, 16, 0),
(1229, 4, 204, 16, 0),
(1230, 1, 205, 16, 0),
(1231, 2, 205, 16, 0),
(1232, 3, 205, 16, 0),
(1233, 4, 205, 16, 0),
(1234, 1, 206, 16, 0),
(1235, 2, 206, 16, 0),
(1236, 3, 206, 16, 0),
(1237, 4, 206, 16, 0),
(1238, 1, 207, 16, 0),
(1239, 2, 207, 16, 0),
(1240, 3, 207, 16, 0),
(1241, 4, 207, 16, 0),
(1242, 1, 208, 16, 0),
(1243, 2, 208, 16, 0),
(1244, 3, 208, 16, 0),
(1245, 4, 208, 16, 0),
(1246, 1, 209, 16, 0),
(1247, 2, 209, 16, 0),
(1248, 3, 209, 16, 0),
(1249, 4, 209, 16, 0),
(1250, 1, 210, 16, 0),
(1251, 2, 210, 16, 0),
(1252, 3, 210, 16, 0),
(1253, 4, 210, 16, 0),
(1254, 1, 211, 16, 0),
(1255, 2, 211, 16, 0),
(1256, 3, 211, 16, 0),
(1257, 4, 211, 16, 0),
(1258, 1, 212, 16, 0),
(1259, 2, 212, 16, 0),
(1260, 3, 212, 16, 0),
(1261, 4, 212, 16, 0),
(1262, 1, 213, 16, 0),
(1263, 2, 213, 16, 0),
(1264, 3, 213, 16, 0),
(1265, 4, 213, 16, 0),
(1266, 1, 214, 16, 0),
(1267, 2, 214, 16, 0),
(1268, 3, 214, 16, 0),
(1269, 4, 214, 16, 0),
(1270, 1, 215, 16, 0),
(1271, 2, 215, 16, 0),
(1272, 3, 215, 16, 0),
(1273, 4, 215, 16, 0),
(1274, 1, 216, 16, 0),
(1275, 2, 216, 16, 0),
(1276, 3, 216, 16, 0),
(1277, 4, 216, 16, 0),
(1278, 1, 217, 16, 0),
(1279, 2, 217, 16, 0),
(1280, 3, 217, 16, 0),
(1281, 4, 217, 16, 0),
(1282, 1, 218, 16, 0),
(1283, 2, 218, 16, 0),
(1284, 3, 218, 16, 0),
(1285, 4, 218, 16, 0),
(1286, 1, 219, 16, 0),
(1287, 2, 219, 16, 0),
(1288, 3, 219, 16, 0),
(1289, 4, 219, 16, 0),
(1290, 1, 220, 16, 0),
(1291, 2, 220, 16, 0),
(1292, 3, 220, 16, 0),
(1293, 4, 220, 16, 0),
(1294, 1, 221, 16, 0),
(1295, 2, 221, 16, 0),
(1296, 3, 221, 16, 0),
(1297, 4, 221, 16, 0),
(1298, 1, 222, 16, 0),
(1299, 2, 222, 16, 0),
(1300, 3, 222, 16, 0),
(1301, 4, 222, 16, 0),
(1302, 1, 223, 16, 0),
(1303, 2, 223, 16, 0),
(1304, 3, 223, 16, 0),
(1305, 4, 223, 16, 0),
(1306, 1, 224, 16, 0),
(1307, 2, 224, 16, 0),
(1308, 3, 224, 16, 0),
(1309, 4, 224, 16, 0),
(1310, 1, 225, 16, 0),
(1311, 2, 225, 16, 0),
(1312, 3, 225, 16, 0),
(1313, 4, 225, 16, 0),
(1314, 1, 226, 16, 0),
(1315, 2, 226, 16, 0),
(1316, 3, 226, 16, 0),
(1317, 4, 226, 16, 0),
(1318, 1, 227, 16, 0),
(1319, 2, 227, 16, 0),
(1320, 3, 227, 16, 0),
(1321, 4, 227, 16, 0),
(1322, 1, 228, 16, 0),
(1323, 2, 228, 16, 0),
(1324, 3, 228, 16, 0),
(1325, 4, 228, 16, 0),
(1326, 1, 229, 16, 0),
(1327, 2, 229, 16, 0),
(1328, 3, 229, 16, 0),
(1329, 4, 229, 16, 0),
(1330, 1, 230, 16, 0),
(1331, 2, 230, 16, 0),
(1332, 3, 230, 16, 0),
(1333, 4, 230, 16, 0),
(1334, 1, 231, 16, 0),
(1335, 2, 231, 16, 0),
(1336, 3, 231, 16, 0),
(1337, 4, 231, 16, 0),
(1338, 1, 232, 16, 0),
(1339, 2, 232, 16, 0),
(1340, 3, 232, 16, 0),
(1341, 4, 232, 16, 0),
(1342, 1, 233, 16, 0),
(1343, 2, 233, 16, 0),
(1344, 3, 233, 16, 0),
(1345, 4, 233, 16, 0),
(1346, 1, 234, 16, 0),
(1347, 2, 234, 16, 0),
(1348, 3, 234, 16, 0),
(1349, 4, 234, 16, 0),
(1350, 1, 235, 16, 0),
(1351, 2, 235, 16, 0),
(1352, 3, 235, 16, 0),
(1353, 4, 235, 16, 0),
(1354, 1, 236, 16, 0),
(1355, 2, 236, 16, 0),
(1356, 3, 236, 16, 0),
(1357, 4, 236, 16, 0),
(1358, 1, 22, 39, 10),
(1359, 2, 22, 39, 15),
(1360, 3, 22, 39, 15),
(1361, 4, 22, 39, 60),
(1362, 1, 28, 39, 0),
(1363, 2, 28, 39, 0),
(1364, 3, 28, 39, 0),
(1365, 4, 28, 39, 0),
(1366, 1, 184, 39, 0),
(1367, 2, 184, 39, 0),
(1368, 3, 184, 39, 0),
(1369, 4, 184, 39, 0),
(1370, 1, 185, 39, 0),
(1371, 2, 185, 39, 0),
(1372, 3, 185, 39, 0),
(1373, 4, 185, 39, 0),
(1374, 1, 186, 39, 0),
(1375, 2, 186, 39, 0),
(1376, 3, 186, 39, 0),
(1377, 4, 186, 39, 0),
(1378, 1, 187, 39, 0),
(1379, 2, 187, 39, 0),
(1380, 3, 187, 39, 0),
(1381, 4, 187, 39, 0),
(1382, 1, 188, 39, 0),
(1383, 2, 188, 39, 0),
(1384, 3, 188, 39, 0),
(1385, 4, 188, 39, 0),
(1386, 1, 189, 39, 0),
(1387, 2, 189, 39, 0),
(1388, 3, 189, 39, 0),
(1389, 4, 189, 39, 0),
(1390, 1, 190, 39, 0),
(1391, 2, 190, 39, 0),
(1392, 3, 190, 39, 0),
(1393, 4, 190, 39, 0),
(1394, 1, 191, 39, 0),
(1395, 2, 191, 39, 0),
(1396, 3, 191, 39, 0),
(1397, 4, 191, 39, 0),
(1398, 1, 192, 39, 0),
(1399, 2, 192, 39, 0),
(1400, 3, 192, 39, 0),
(1401, 4, 192, 39, 0),
(1402, 1, 193, 39, 0),
(1403, 2, 193, 39, 0),
(1404, 3, 193, 39, 0),
(1405, 4, 193, 39, 0),
(1406, 1, 194, 39, 0),
(1407, 2, 194, 39, 0),
(1408, 3, 194, 39, 0),
(1409, 4, 194, 39, 0),
(1410, 1, 195, 39, 0),
(1411, 2, 195, 39, 0),
(1412, 3, 195, 39, 0),
(1413, 4, 195, 39, 0),
(1414, 1, 196, 39, 0),
(1415, 2, 196, 39, 0),
(1416, 3, 196, 39, 0),
(1417, 4, 196, 39, 0),
(1418, 1, 197, 39, 0),
(1419, 2, 197, 39, 0),
(1420, 3, 197, 39, 0),
(1421, 4, 197, 39, 0),
(1422, 1, 198, 39, 0),
(1423, 2, 198, 39, 0),
(1424, 3, 198, 39, 0),
(1425, 4, 198, 39, 0),
(1426, 1, 199, 39, 0),
(1427, 2, 199, 39, 0),
(1428, 3, 199, 39, 0),
(1429, 4, 199, 39, 0),
(1430, 1, 200, 39, 0),
(1431, 2, 200, 39, 0),
(1432, 3, 200, 39, 0),
(1433, 4, 200, 39, 0),
(1434, 1, 201, 39, 0),
(1435, 2, 201, 39, 0),
(1436, 3, 201, 39, 0),
(1437, 4, 201, 39, 0),
(1438, 1, 202, 39, 0),
(1439, 2, 202, 39, 0),
(1440, 3, 202, 39, 0),
(1441, 4, 202, 39, 0),
(1442, 1, 203, 39, 0),
(1443, 2, 203, 39, 0),
(1444, 3, 203, 39, 0),
(1445, 4, 203, 39, 0),
(1446, 1, 204, 39, 0),
(1447, 2, 204, 39, 0),
(1448, 3, 204, 39, 0),
(1449, 4, 204, 39, 0),
(1450, 1, 205, 39, 0),
(1451, 2, 205, 39, 0),
(1452, 3, 205, 39, 0),
(1453, 4, 205, 39, 0),
(1454, 1, 206, 39, 0),
(1455, 2, 206, 39, 0),
(1456, 3, 206, 39, 0),
(1457, 4, 206, 39, 0),
(1458, 1, 207, 39, 0),
(1459, 2, 207, 39, 0),
(1460, 3, 207, 39, 0),
(1461, 4, 207, 39, 0),
(1462, 1, 208, 39, 0),
(1463, 2, 208, 39, 0),
(1464, 3, 208, 39, 0),
(1465, 4, 208, 39, 0),
(1466, 1, 209, 39, 0),
(1467, 2, 209, 39, 0),
(1468, 3, 209, 39, 0),
(1469, 4, 209, 39, 0),
(1470, 1, 210, 39, 0),
(1471, 2, 210, 39, 0),
(1472, 3, 210, 39, 0),
(1473, 4, 210, 39, 0),
(1474, 1, 211, 39, 0),
(1475, 2, 211, 39, 0),
(1476, 3, 211, 39, 0),
(1477, 4, 211, 39, 0),
(1478, 1, 212, 39, 0),
(1479, 2, 212, 39, 0),
(1480, 3, 212, 39, 0),
(1481, 4, 212, 39, 0),
(1482, 1, 213, 39, 0),
(1483, 2, 213, 39, 0),
(1484, 3, 213, 39, 0),
(1485, 4, 213, 39, 0),
(1486, 1, 214, 39, 0),
(1487, 2, 214, 39, 0),
(1488, 3, 214, 39, 0),
(1489, 4, 214, 39, 0),
(1490, 1, 215, 39, 0),
(1491, 2, 215, 39, 0),
(1492, 3, 215, 39, 0),
(1493, 4, 215, 39, 0),
(1494, 1, 216, 39, 0),
(1495, 2, 216, 39, 0),
(1496, 3, 216, 39, 0),
(1497, 4, 216, 39, 0),
(1498, 1, 217, 39, 0),
(1499, 2, 217, 39, 0),
(1500, 3, 217, 39, 0),
(1501, 4, 217, 39, 0),
(1502, 1, 218, 39, 0),
(1503, 2, 218, 39, 0),
(1504, 3, 218, 39, 0),
(1505, 4, 218, 39, 0),
(1506, 1, 219, 39, 0),
(1507, 2, 219, 39, 0),
(1508, 3, 219, 39, 0),
(1509, 4, 219, 39, 0),
(1510, 1, 220, 39, 0),
(1511, 2, 220, 39, 0),
(1512, 3, 220, 39, 0),
(1513, 4, 220, 39, 0),
(1514, 1, 221, 39, 0),
(1515, 2, 221, 39, 0),
(1516, 3, 221, 39, 0),
(1517, 4, 221, 39, 0),
(1518, 1, 222, 39, 0),
(1519, 2, 222, 39, 0),
(1520, 3, 222, 39, 0),
(1521, 4, 222, 39, 0),
(1522, 1, 223, 39, 0),
(1523, 2, 223, 39, 0),
(1524, 3, 223, 39, 0),
(1525, 4, 223, 39, 0),
(1526, 1, 224, 39, 0),
(1527, 2, 224, 39, 0),
(1528, 3, 224, 39, 0),
(1529, 4, 224, 39, 0),
(1530, 1, 225, 39, 0),
(1531, 2, 225, 39, 0),
(1532, 3, 225, 39, 0),
(1533, 4, 225, 39, 0),
(1534, 1, 226, 39, 0),
(1535, 2, 226, 39, 0),
(1536, 3, 226, 39, 0),
(1537, 4, 226, 39, 0),
(1538, 1, 227, 39, 0),
(1539, 2, 227, 39, 0),
(1540, 3, 227, 39, 0),
(1541, 4, 227, 39, 0),
(1542, 1, 228, 39, 0),
(1543, 2, 228, 39, 0),
(1544, 3, 228, 39, 0),
(1545, 4, 228, 39, 0),
(1546, 1, 229, 39, 0),
(1547, 2, 229, 39, 0),
(1548, 3, 229, 39, 0),
(1549, 4, 229, 39, 0),
(1550, 1, 230, 39, 0),
(1551, 2, 230, 39, 0),
(1552, 3, 230, 39, 0),
(1553, 4, 230, 39, 0),
(1554, 1, 231, 39, 0),
(1555, 2, 231, 39, 0),
(1556, 3, 231, 39, 0),
(1557, 4, 231, 39, 0),
(1558, 1, 232, 39, 0),
(1559, 2, 232, 39, 0),
(1560, 3, 232, 39, 0),
(1561, 4, 232, 39, 0),
(1562, 1, 233, 39, 0),
(1563, 2, 233, 39, 0),
(1564, 3, 233, 39, 0),
(1565, 4, 233, 39, 0),
(1566, 1, 234, 39, 0),
(1567, 2, 234, 39, 0),
(1568, 3, 234, 39, 0),
(1569, 4, 234, 39, 0),
(1570, 1, 235, 39, 0),
(1571, 2, 235, 39, 0),
(1572, 3, 235, 39, 0),
(1573, 4, 235, 39, 0),
(1574, 1, 236, 39, 0),
(1575, 2, 236, 39, 0),
(1576, 3, 236, 39, 0),
(1577, 4, 236, 39, 0),
(1578, 1, 22, 41, 10),
(1579, 2, 22, 41, 15),
(1580, 3, 22, 41, 15),
(1581, 4, 22, 41, 60),
(1582, 1, 28, 41, 0),
(1583, 2, 28, 41, 0),
(1584, 3, 28, 41, 0),
(1585, 4, 28, 41, 0),
(1586, 1, 184, 41, 0),
(1587, 2, 184, 41, 0),
(1588, 3, 184, 41, 0),
(1589, 4, 184, 41, 0),
(1590, 1, 185, 41, 0),
(1591, 2, 185, 41, 0),
(1592, 3, 185, 41, 0),
(1593, 4, 185, 41, 0),
(1594, 1, 186, 41, 0),
(1595, 2, 186, 41, 0),
(1596, 3, 186, 41, 0),
(1597, 4, 186, 41, 0),
(1598, 1, 187, 41, 0),
(1599, 2, 187, 41, 0),
(1600, 3, 187, 41, 0),
(1601, 4, 187, 41, 0),
(1602, 1, 188, 41, 0),
(1603, 2, 188, 41, 0),
(1604, 3, 188, 41, 0),
(1605, 4, 188, 41, 0),
(1606, 1, 189, 41, 0),
(1607, 2, 189, 41, 0),
(1608, 3, 189, 41, 0),
(1609, 4, 189, 41, 0),
(1610, 1, 190, 41, 0),
(1611, 2, 190, 41, 0),
(1612, 3, 190, 41, 0),
(1613, 4, 190, 41, 0),
(1614, 1, 191, 41, 0),
(1615, 2, 191, 41, 0),
(1616, 3, 191, 41, 0),
(1617, 4, 191, 41, 0),
(1618, 1, 192, 41, 0),
(1619, 2, 192, 41, 0),
(1620, 3, 192, 41, 0),
(1621, 4, 192, 41, 0),
(1622, 1, 193, 41, 0),
(1623, 2, 193, 41, 0),
(1624, 3, 193, 41, 0),
(1625, 4, 193, 41, 0),
(1626, 1, 194, 41, 0),
(1627, 2, 194, 41, 0),
(1628, 3, 194, 41, 0),
(1629, 4, 194, 41, 0),
(1630, 1, 195, 41, 0),
(1631, 2, 195, 41, 0),
(1632, 3, 195, 41, 0),
(1633, 4, 195, 41, 0),
(1634, 1, 196, 41, 0),
(1635, 2, 196, 41, 0),
(1636, 3, 196, 41, 0),
(1637, 4, 196, 41, 0),
(1638, 1, 197, 41, 0),
(1639, 2, 197, 41, 0),
(1640, 3, 197, 41, 0),
(1641, 4, 197, 41, 0),
(1642, 1, 198, 41, 0),
(1643, 2, 198, 41, 0),
(1644, 3, 198, 41, 0),
(1645, 4, 198, 41, 0),
(1646, 1, 199, 41, 0),
(1647, 2, 199, 41, 0),
(1648, 3, 199, 41, 0),
(1649, 4, 199, 41, 0),
(1650, 1, 200, 41, 0),
(1651, 2, 200, 41, 0),
(1652, 3, 200, 41, 0),
(1653, 4, 200, 41, 0),
(1654, 1, 201, 41, 0),
(1655, 2, 201, 41, 0),
(1656, 3, 201, 41, 0),
(1657, 4, 201, 41, 0),
(1658, 1, 202, 41, 0),
(1659, 2, 202, 41, 0),
(1660, 3, 202, 41, 0),
(1661, 4, 202, 41, 0),
(1662, 1, 203, 41, 0),
(1663, 2, 203, 41, 0),
(1664, 3, 203, 41, 0),
(1665, 4, 203, 41, 0),
(1666, 1, 204, 41, 0),
(1667, 2, 204, 41, 0),
(1668, 3, 204, 41, 0),
(1669, 4, 204, 41, 0),
(1670, 1, 205, 41, 0),
(1671, 2, 205, 41, 0),
(1672, 3, 205, 41, 0),
(1673, 4, 205, 41, 0),
(1674, 1, 206, 41, 0),
(1675, 2, 206, 41, 0),
(1676, 3, 206, 41, 0),
(1677, 4, 206, 41, 0),
(1678, 1, 207, 41, 0),
(1679, 2, 207, 41, 0),
(1680, 3, 207, 41, 0),
(1681, 4, 207, 41, 0),
(1682, 1, 208, 41, 0),
(1683, 2, 208, 41, 0),
(1684, 3, 208, 41, 0),
(1685, 4, 208, 41, 0),
(1686, 1, 209, 41, 0),
(1687, 2, 209, 41, 0),
(1688, 3, 209, 41, 0),
(1689, 4, 209, 41, 0),
(1690, 1, 210, 41, 0),
(1691, 2, 210, 41, 0),
(1692, 3, 210, 41, 0),
(1693, 4, 210, 41, 0),
(1694, 1, 211, 41, 0),
(1695, 2, 211, 41, 0),
(1696, 3, 211, 41, 0),
(1697, 4, 211, 41, 0),
(1698, 1, 212, 41, 0),
(1699, 2, 212, 41, 0),
(1700, 3, 212, 41, 0),
(1701, 4, 212, 41, 0),
(1702, 1, 213, 41, 0),
(1703, 2, 213, 41, 0),
(1704, 3, 213, 41, 0),
(1705, 4, 213, 41, 0),
(1706, 1, 214, 41, 0),
(1707, 2, 214, 41, 0),
(1708, 3, 214, 41, 0),
(1709, 4, 214, 41, 0),
(1710, 1, 215, 41, 0),
(1711, 2, 215, 41, 0),
(1712, 3, 215, 41, 0),
(1713, 4, 215, 41, 0),
(1714, 1, 216, 41, 0),
(1715, 2, 216, 41, 0),
(1716, 3, 216, 41, 0),
(1717, 4, 216, 41, 0),
(1718, 1, 217, 41, 0),
(1719, 2, 217, 41, 0),
(1720, 3, 217, 41, 0),
(1721, 4, 217, 41, 0),
(1722, 1, 218, 41, 0),
(1723, 2, 218, 41, 0),
(1724, 3, 218, 41, 0),
(1725, 4, 218, 41, 0),
(1726, 1, 219, 41, 0),
(1727, 2, 219, 41, 0),
(1728, 3, 219, 41, 0),
(1729, 4, 219, 41, 0),
(1730, 1, 220, 41, 0),
(1731, 2, 220, 41, 0),
(1732, 3, 220, 41, 0),
(1733, 4, 220, 41, 0),
(1734, 1, 221, 41, 0),
(1735, 2, 221, 41, 0),
(1736, 3, 221, 41, 0),
(1737, 4, 221, 41, 0),
(1738, 1, 222, 41, 0),
(1739, 2, 222, 41, 0),
(1740, 3, 222, 41, 0),
(1741, 4, 222, 41, 0),
(1742, 1, 223, 41, 0),
(1743, 2, 223, 41, 0),
(1744, 3, 223, 41, 0),
(1745, 4, 223, 41, 0),
(1746, 1, 224, 41, 0),
(1747, 2, 224, 41, 0),
(1748, 3, 224, 41, 0),
(1749, 4, 224, 41, 0),
(1750, 1, 225, 41, 0),
(1751, 2, 225, 41, 0),
(1752, 3, 225, 41, 0),
(1753, 4, 225, 41, 0),
(1754, 1, 226, 41, 0),
(1755, 2, 226, 41, 0),
(1756, 3, 226, 41, 0),
(1757, 4, 226, 41, 0),
(1758, 1, 227, 41, 0),
(1759, 2, 227, 41, 0),
(1760, 3, 227, 41, 0),
(1761, 4, 227, 41, 0),
(1762, 1, 228, 41, 0),
(1763, 2, 228, 41, 0),
(1764, 3, 228, 41, 0),
(1765, 4, 228, 41, 0),
(1766, 1, 229, 41, 0),
(1767, 2, 229, 41, 0),
(1768, 3, 229, 41, 0),
(1769, 4, 229, 41, 0),
(1770, 1, 230, 41, 0),
(1771, 2, 230, 41, 0),
(1772, 3, 230, 41, 0),
(1773, 4, 230, 41, 0),
(1774, 1, 231, 41, 0),
(1775, 2, 231, 41, 0),
(1776, 3, 231, 41, 0),
(1777, 4, 231, 41, 0),
(1778, 1, 232, 41, 0),
(1779, 2, 232, 41, 0),
(1780, 3, 232, 41, 0),
(1781, 4, 232, 41, 0),
(1782, 1, 233, 41, 0),
(1783, 2, 233, 41, 0),
(1784, 3, 233, 41, 0),
(1785, 4, 233, 41, 0),
(1786, 1, 234, 41, 0),
(1787, 2, 234, 41, 0),
(1788, 3, 234, 41, 0),
(1789, 4, 234, 41, 0),
(1790, 1, 235, 41, 0),
(1791, 2, 235, 41, 0),
(1792, 3, 235, 41, 0),
(1793, 4, 235, 41, 0),
(1794, 1, 236, 41, 0),
(1795, 2, 236, 41, 0),
(1796, 3, 236, 41, 0),
(1797, 4, 236, 41, 0),
(1798, 1, 22, 43, 0),
(1799, 2, 22, 43, 0),
(1800, 3, 22, 43, 0),
(1801, 4, 22, 43, 50),
(1802, 1, 28, 43, 0),
(1803, 2, 28, 43, 0),
(1804, 3, 28, 43, 0),
(1805, 4, 28, 43, 0),
(1806, 1, 184, 43, 0),
(1807, 2, 184, 43, 0),
(1808, 3, 184, 43, 0),
(1809, 4, 184, 43, 0),
(1810, 1, 185, 43, 0),
(1811, 2, 185, 43, 0),
(1812, 3, 185, 43, 0),
(1813, 4, 185, 43, 0),
(1814, 1, 186, 43, 0),
(1815, 2, 186, 43, 0),
(1816, 3, 186, 43, 0),
(1817, 4, 186, 43, 0),
(1818, 1, 187, 43, 0),
(1819, 2, 187, 43, 0),
(1820, 3, 187, 43, 0),
(1821, 4, 187, 43, 0),
(1822, 1, 188, 43, 0),
(1823, 2, 188, 43, 0),
(1824, 3, 188, 43, 0),
(1825, 4, 188, 43, 0),
(1826, 1, 189, 43, 0),
(1827, 2, 189, 43, 0),
(1828, 3, 189, 43, 0),
(1829, 4, 189, 43, 0),
(1830, 1, 190, 43, 0),
(1831, 2, 190, 43, 0),
(1832, 3, 190, 43, 0),
(1833, 4, 190, 43, 0),
(1834, 1, 191, 43, 0),
(1835, 2, 191, 43, 0),
(1836, 3, 191, 43, 0),
(1837, 4, 191, 43, 0),
(1838, 1, 192, 43, 0),
(1839, 2, 192, 43, 0),
(1840, 3, 192, 43, 0),
(1841, 4, 192, 43, 0),
(1842, 1, 193, 43, 0),
(1843, 2, 193, 43, 0),
(1844, 3, 193, 43, 0),
(1845, 4, 193, 43, 0),
(1846, 1, 194, 43, 0),
(1847, 2, 194, 43, 0),
(1848, 3, 194, 43, 0),
(1849, 4, 194, 43, 0),
(1850, 1, 195, 43, 0),
(1851, 2, 195, 43, 0),
(1852, 3, 195, 43, 0),
(1853, 4, 195, 43, 0),
(1854, 1, 196, 43, 0),
(1855, 2, 196, 43, 0),
(1856, 3, 196, 43, 0),
(1857, 4, 196, 43, 0),
(1858, 1, 197, 43, 0),
(1859, 2, 197, 43, 0),
(1860, 3, 197, 43, 0),
(1861, 4, 197, 43, 0),
(1862, 1, 198, 43, 0),
(1863, 2, 198, 43, 0),
(1864, 3, 198, 43, 0),
(1865, 4, 198, 43, 0),
(1866, 1, 199, 43, 0),
(1867, 2, 199, 43, 0),
(1868, 3, 199, 43, 0),
(1869, 4, 199, 43, 0),
(1870, 1, 200, 43, 0),
(1871, 2, 200, 43, 0),
(1872, 3, 200, 43, 0),
(1873, 4, 200, 43, 0),
(1874, 1, 201, 43, 0),
(1875, 2, 201, 43, 0),
(1876, 3, 201, 43, 0),
(1877, 4, 201, 43, 0),
(1878, 1, 202, 43, 0),
(1879, 2, 202, 43, 0),
(1880, 3, 202, 43, 0),
(1881, 4, 202, 43, 0),
(1882, 1, 203, 43, 0),
(1883, 2, 203, 43, 0),
(1884, 3, 203, 43, 0),
(1885, 4, 203, 43, 0),
(1886, 1, 204, 43, 0),
(1887, 2, 204, 43, 0),
(1888, 3, 204, 43, 0),
(1889, 4, 204, 43, 0),
(1890, 1, 205, 43, 0),
(1891, 2, 205, 43, 0),
(1892, 3, 205, 43, 0),
(1893, 4, 205, 43, 0),
(1894, 1, 206, 43, 0),
(1895, 2, 206, 43, 0),
(1896, 3, 206, 43, 0),
(1897, 4, 206, 43, 0),
(1898, 1, 207, 43, 0),
(1899, 2, 207, 43, 0),
(1900, 3, 207, 43, 0),
(1901, 4, 207, 43, 0),
(1902, 1, 208, 43, 0),
(1903, 2, 208, 43, 0),
(1904, 3, 208, 43, 0),
(1905, 4, 208, 43, 0),
(1906, 1, 209, 43, 0),
(1907, 2, 209, 43, 0),
(1908, 3, 209, 43, 0),
(1909, 4, 209, 43, 0),
(1910, 1, 210, 43, 0),
(1911, 2, 210, 43, 0),
(1912, 3, 210, 43, 0),
(1913, 4, 210, 43, 0),
(1914, 1, 211, 43, 0),
(1915, 2, 211, 43, 0),
(1916, 3, 211, 43, 0),
(1917, 4, 211, 43, 0),
(1918, 1, 212, 43, 0),
(1919, 2, 212, 43, 0),
(1920, 3, 212, 43, 0),
(1921, 4, 212, 43, 0),
(1922, 1, 213, 43, 0),
(1923, 2, 213, 43, 0),
(1924, 3, 213, 43, 0),
(1925, 4, 213, 43, 0),
(1926, 1, 214, 43, 0),
(1927, 2, 214, 43, 0),
(1928, 3, 214, 43, 0),
(1929, 4, 214, 43, 0),
(1930, 1, 215, 43, 0),
(1931, 2, 215, 43, 0),
(1932, 3, 215, 43, 0),
(1933, 4, 215, 43, 0),
(1934, 1, 216, 43, 0),
(1935, 2, 216, 43, 0),
(1936, 3, 216, 43, 0),
(1937, 4, 216, 43, 0),
(1938, 1, 217, 43, 0),
(1939, 2, 217, 43, 0),
(1940, 3, 217, 43, 0),
(1941, 4, 217, 43, 0),
(1942, 1, 218, 43, 0),
(1943, 2, 218, 43, 0),
(1944, 3, 218, 43, 0),
(1945, 4, 218, 43, 0),
(1946, 1, 219, 43, 0),
(1947, 2, 219, 43, 0),
(1948, 3, 219, 43, 0),
(1949, 4, 219, 43, 0),
(1950, 1, 220, 43, 0),
(1951, 2, 220, 43, 0),
(1952, 3, 220, 43, 0),
(1953, 4, 220, 43, 0),
(1954, 1, 221, 43, 0),
(1955, 2, 221, 43, 0),
(1956, 3, 221, 43, 0),
(1957, 4, 221, 43, 0),
(1958, 1, 222, 43, 0),
(1959, 2, 222, 43, 0),
(1960, 3, 222, 43, 0),
(1961, 4, 222, 43, 0),
(1962, 1, 223, 43, 0),
(1963, 2, 223, 43, 0),
(1964, 3, 223, 43, 0),
(1965, 4, 223, 43, 0),
(1966, 1, 224, 43, 0),
(1967, 2, 224, 43, 0),
(1968, 3, 224, 43, 0),
(1969, 4, 224, 43, 0),
(1970, 1, 225, 43, 0),
(1971, 2, 225, 43, 0),
(1972, 3, 225, 43, 0),
(1973, 4, 225, 43, 0),
(1974, 1, 226, 43, 0),
(1975, 2, 226, 43, 0),
(1976, 3, 226, 43, 0),
(1977, 4, 226, 43, 0),
(1978, 1, 227, 43, 0),
(1979, 2, 227, 43, 0),
(1980, 3, 227, 43, 0),
(1981, 4, 227, 43, 0),
(1982, 1, 228, 43, 0),
(1983, 2, 228, 43, 0),
(1984, 3, 228, 43, 0),
(1985, 4, 228, 43, 0),
(1986, 1, 229, 43, 0),
(1987, 2, 229, 43, 0),
(1988, 3, 229, 43, 0),
(1989, 4, 229, 43, 0),
(1990, 1, 230, 43, 0),
(1991, 2, 230, 43, 0),
(1992, 3, 230, 43, 0),
(1993, 4, 230, 43, 0),
(1994, 1, 231, 43, 0),
(1995, 2, 231, 43, 0),
(1996, 3, 231, 43, 0),
(1997, 4, 231, 43, 0),
(1998, 1, 232, 43, 0),
(1999, 2, 232, 43, 0),
(2000, 3, 232, 43, 0),
(2001, 4, 232, 43, 0),
(2002, 1, 233, 43, 0),
(2003, 2, 233, 43, 0),
(2004, 3, 233, 43, 0),
(2005, 4, 233, 43, 0),
(2006, 1, 234, 43, 0),
(2007, 2, 234, 43, 0),
(2008, 3, 234, 43, 0),
(2009, 4, 234, 43, 0),
(2010, 1, 235, 43, 0),
(2011, 2, 235, 43, 0),
(2012, 3, 235, 43, 0),
(2013, 4, 235, 43, 0),
(2014, 1, 236, 43, 0),
(2015, 2, 236, 43, 0),
(2016, 3, 236, 43, 0),
(2017, 4, 236, 43, 0),
(2018, 1, 22, 42, 10),
(2019, 2, 22, 42, 15),
(2020, 3, 22, 42, 15),
(2021, 4, 22, 42, 60),
(2022, 1, 28, 42, 0),
(2023, 2, 28, 42, 0),
(2024, 3, 28, 42, 0),
(2025, 4, 28, 42, 0),
(2026, 1, 184, 42, 0),
(2027, 2, 184, 42, 0),
(2028, 3, 184, 42, 0),
(2029, 4, 184, 42, 0),
(2030, 1, 185, 42, 0),
(2031, 2, 185, 42, 0),
(2032, 3, 185, 42, 0),
(2033, 4, 185, 42, 0),
(2034, 1, 186, 42, 0),
(2035, 2, 186, 42, 0),
(2036, 3, 186, 42, 0),
(2037, 4, 186, 42, 0),
(2038, 1, 187, 42, 0),
(2039, 2, 187, 42, 0),
(2040, 3, 187, 42, 0),
(2041, 4, 187, 42, 0),
(2042, 1, 188, 42, 0),
(2043, 2, 188, 42, 0),
(2044, 3, 188, 42, 0),
(2045, 4, 188, 42, 0),
(2046, 1, 189, 42, 0),
(2047, 2, 189, 42, 0),
(2048, 3, 189, 42, 0),
(2049, 4, 189, 42, 0),
(2050, 1, 190, 42, 0),
(2051, 2, 190, 42, 0),
(2052, 3, 190, 42, 0),
(2053, 4, 190, 42, 0),
(2054, 1, 191, 42, 0),
(2055, 2, 191, 42, 0),
(2056, 3, 191, 42, 0),
(2057, 4, 191, 42, 0),
(2058, 1, 192, 42, 0),
(2059, 2, 192, 42, 0),
(2060, 3, 192, 42, 0),
(2061, 4, 192, 42, 0),
(2062, 1, 193, 42, 0),
(2063, 2, 193, 42, 0),
(2064, 3, 193, 42, 0),
(2065, 4, 193, 42, 0),
(2066, 1, 194, 42, 0),
(2067, 2, 194, 42, 0),
(2068, 3, 194, 42, 0),
(2069, 4, 194, 42, 0),
(2070, 1, 195, 42, 0),
(2071, 2, 195, 42, 0),
(2072, 3, 195, 42, 0),
(2073, 4, 195, 42, 0),
(2074, 1, 196, 42, 0),
(2075, 2, 196, 42, 0),
(2076, 3, 196, 42, 0),
(2077, 4, 196, 42, 0),
(2078, 1, 197, 42, 0),
(2079, 2, 197, 42, 0),
(2080, 3, 197, 42, 0),
(2081, 4, 197, 42, 0),
(2082, 1, 198, 42, 0),
(2083, 2, 198, 42, 0),
(2084, 3, 198, 42, 0),
(2085, 4, 198, 42, 0),
(2086, 1, 199, 42, 0),
(2087, 2, 199, 42, 0),
(2088, 3, 199, 42, 0),
(2089, 4, 199, 42, 0),
(2090, 1, 200, 42, 0),
(2091, 2, 200, 42, 0),
(2092, 3, 200, 42, 0),
(2093, 4, 200, 42, 0),
(2094, 1, 201, 42, 0),
(2095, 2, 201, 42, 0),
(2096, 3, 201, 42, 0),
(2097, 4, 201, 42, 0),
(2098, 1, 202, 42, 0),
(2099, 2, 202, 42, 0),
(2100, 3, 202, 42, 0),
(2101, 4, 202, 42, 0),
(2102, 1, 203, 42, 0),
(2103, 2, 203, 42, 0),
(2104, 3, 203, 42, 0),
(2105, 4, 203, 42, 0),
(2106, 1, 204, 42, 0),
(2107, 2, 204, 42, 0),
(2108, 3, 204, 42, 0),
(2109, 4, 204, 42, 0),
(2110, 1, 205, 42, 0),
(2111, 2, 205, 42, 0),
(2112, 3, 205, 42, 0),
(2113, 4, 205, 42, 0),
(2114, 1, 206, 42, 0),
(2115, 2, 206, 42, 0),
(2116, 3, 206, 42, 0),
(2117, 4, 206, 42, 0),
(2118, 1, 207, 42, 0),
(2119, 2, 207, 42, 0),
(2120, 3, 207, 42, 0),
(2121, 4, 207, 42, 0),
(2122, 1, 208, 42, 0),
(2123, 2, 208, 42, 0),
(2124, 3, 208, 42, 0),
(2125, 4, 208, 42, 0),
(2126, 1, 209, 42, 0),
(2127, 2, 209, 42, 0),
(2128, 3, 209, 42, 0),
(2129, 4, 209, 42, 0),
(2130, 1, 210, 42, 0),
(2131, 2, 210, 42, 0),
(2132, 3, 210, 42, 0),
(2133, 4, 210, 42, 0),
(2134, 1, 211, 42, 0),
(2135, 2, 211, 42, 0),
(2136, 3, 211, 42, 0),
(2137, 4, 211, 42, 0),
(2138, 1, 212, 42, 0),
(2139, 2, 212, 42, 0),
(2140, 3, 212, 42, 0),
(2141, 4, 212, 42, 0),
(2142, 1, 213, 42, 0),
(2143, 2, 213, 42, 0),
(2144, 3, 213, 42, 0),
(2145, 4, 213, 42, 0),
(2146, 1, 214, 42, 0),
(2147, 2, 214, 42, 0),
(2148, 3, 214, 42, 0),
(2149, 4, 214, 42, 0),
(2150, 1, 215, 42, 0),
(2151, 2, 215, 42, 0),
(2152, 3, 215, 42, 0),
(2153, 4, 215, 42, 0),
(2154, 1, 216, 42, 0),
(2155, 2, 216, 42, 0),
(2156, 3, 216, 42, 0),
(2157, 4, 216, 42, 0),
(2158, 1, 217, 42, 0),
(2159, 2, 217, 42, 0),
(2160, 3, 217, 42, 0),
(2161, 4, 217, 42, 0),
(2162, 1, 218, 42, 0),
(2163, 2, 218, 42, 0),
(2164, 3, 218, 42, 0),
(2165, 4, 218, 42, 0),
(2166, 1, 219, 42, 0),
(2167, 2, 219, 42, 0),
(2168, 3, 219, 42, 0),
(2169, 4, 219, 42, 0),
(2170, 1, 220, 42, 0),
(2171, 2, 220, 42, 0),
(2172, 3, 220, 42, 0),
(2173, 4, 220, 42, 0),
(2174, 1, 221, 42, 0),
(2175, 2, 221, 42, 0),
(2176, 3, 221, 42, 0),
(2177, 4, 221, 42, 0),
(2178, 1, 222, 42, 0),
(2179, 2, 222, 42, 0),
(2180, 3, 222, 42, 0),
(2181, 4, 222, 42, 0),
(2182, 1, 223, 42, 0),
(2183, 2, 223, 42, 0),
(2184, 3, 223, 42, 0),
(2185, 4, 223, 42, 0),
(2186, 1, 224, 42, 0),
(2187, 2, 224, 42, 0),
(2188, 3, 224, 42, 0),
(2189, 4, 224, 42, 0),
(2190, 1, 225, 42, 0),
(2191, 2, 225, 42, 0),
(2192, 3, 225, 42, 0),
(2193, 4, 225, 42, 0),
(2194, 1, 226, 42, 0),
(2195, 2, 226, 42, 0),
(2196, 3, 226, 42, 0),
(2197, 4, 226, 42, 0),
(2198, 1, 227, 42, 0),
(2199, 2, 227, 42, 0),
(2200, 3, 227, 42, 0),
(2201, 4, 227, 42, 0),
(2202, 1, 228, 42, 0),
(2203, 2, 228, 42, 0),
(2204, 3, 228, 42, 0),
(2205, 4, 228, 42, 0),
(2206, 1, 229, 42, 0),
(2207, 2, 229, 42, 0),
(2208, 3, 229, 42, 0),
(2209, 4, 229, 42, 0),
(2210, 1, 230, 42, 0),
(2211, 2, 230, 42, 0),
(2212, 3, 230, 42, 0),
(2213, 4, 230, 42, 0),
(2214, 1, 231, 42, 0),
(2215, 2, 231, 42, 0),
(2216, 3, 231, 42, 0),
(2217, 4, 231, 42, 0),
(2218, 1, 232, 42, 0),
(2219, 2, 232, 42, 0),
(2220, 3, 232, 42, 0),
(2221, 4, 232, 42, 0),
(2222, 1, 233, 42, 0),
(2223, 2, 233, 42, 0),
(2224, 3, 233, 42, 0),
(2225, 4, 233, 42, 0),
(2226, 1, 234, 42, 0),
(2227, 2, 234, 42, 0),
(2228, 3, 234, 42, 0),
(2229, 4, 234, 42, 0),
(2230, 1, 235, 42, 0),
(2231, 2, 235, 42, 0),
(2232, 3, 235, 42, 0),
(2233, 4, 235, 42, 0),
(2234, 1, 236, 42, 0),
(2235, 2, 236, 42, 0),
(2236, 3, 236, 42, 0),
(2237, 4, 236, 42, 0);

-- --------------------------------------------------------

--
-- Table structure for table `notic`
--

CREATE TABLE `notic` (
  `id` int(11) NOT NULL,
  `title` varchar(250) CHARACTER SET utf8 COLLATE utf8_swedish_ci NOT NULL,
  `notic` varchar(500) CHARACTER SET utf8 COLLATE utf8_swedish_ci NOT NULL,
  `dt` varchar(250) NOT NULL,
  `dtt` varchar(250) CHARACTER SET utf8 COLLATE utf8_swedish_ci NOT NULL,
  `cl` int(11) NOT NULL,
  `r` int(11) NOT NULL,
  `user` varchar(50) NOT NULL
) ENGINE=InnoDB DEFAULT CHARSET=latin1;

-- --------------------------------------------------------

--
-- Table structure for table `qb`
--

CREATE TABLE `qb` (
  `id` int(11) NOT NULL,
  `qg` int(11) NOT NULL,
  `qu` varchar(10000) COLLATE utf8_swedish_ci NOT NULL,
  `a1` varchar(250) COLLATE utf8_swedish_ci NOT NULL,
  `a2` varchar(250) COLLATE utf8_swedish_ci NOT NULL,
  `a3` varchar(250) COLLATE utf8_swedish_ci NOT NULL,
  `a4` varchar(250) COLLATE utf8_swedish_ci NOT NULL,
  `tr` int(11) NOT NULL,
  `mark` int(11) NOT NULL
) ENGINE=InnoDB DEFAULT CHARSET=utf8 COLLATE=utf8_swedish_ci;

--
-- Dumping data for table `qb`
--

INSERT INTO `qb` (`id`, `qg`, `qu`, `a1`, `a2`, `a3`, `a4`, `tr`, `mark`) VALUES
(1, 4, 'PHP کورتکراوەی چییە؟', '1', '', '', '', 0, 1),
(2, 4, 'ڤارەیبڵ چۆن چۆنی دەنوسرێت لە PHP؟', '1', '1', '1', '1', 1, 2),
(3, 5, 'HTML کورتکراوەی چییە؟', 'ستاتیک', 'داینامیک', 'هەردووکیان', 'هیچیان', 1, 4),
(5, 5, 'ئایە HTML زمانێکی ستاتیکە یان داینامیک؟', '', '', '', '', 0, 3),
(6, 5, 'پێناسەی HTML بکە.', '', '', '', '', 0, 2);

-- --------------------------------------------------------

--
-- Table structure for table `qg`
--

CREATE TABLE `qg` (
  `id` int(11) NOT NULL,
  `name` varchar(250) CHARACTER SET utf8 COLLATE utf8_swedish_ci NOT NULL,
  `user` varchar(255) NOT NULL
) ENGINE=InnoDB DEFAULT CHARSET=latin1;

--
-- Dumping data for table `qg`
--

INSERT INTO `qg` (`id`, `name`, `user`) VALUES
(4, 'PHP', 'admin'),
(5, 'HTML', 'admin'),
(6, 'Mysqli1', '');

-- --------------------------------------------------------

--
-- Table structure for table `setting`
--

CREATE TABLE `setting` (
  `id` int(11) NOT NULL,
  `s_id` varchar(500) CHARACTER SET utf8 COLLATE utf8_swedish_ci NOT NULL,
  `slug` varchar(500) CHARACTER SET utf8 COLLATE utf8_swedish_ci NOT NULL
) ENGINE=InnoDB DEFAULT CHARSET=latin1;

--
-- Dumping data for table `setting`
--

INSERT INTO `setting` (`id`, `s_id`, `slug`) VALUES
(1, 'gen', 'a:10:{s:8:"stu_chat";s:2:"22";s:1:"t";s:35:"سیستەمی خوێندکاران";s:1:"s";s:2:"on";s:7:"loading";s:2:"on";s:1:"p";s:11:"07501422343";s:1:"e";s:21:"govarjabara@gmail.com";s:1:"i";s:0:"";s:6:"ex_att";s:0:"";s:7:"ex_user";s:0:"";s:1:"l";s:10:"Chwarqurna";}'),
(2, 'feilds', 'a:13:{s:7:"stu_loc";s:0:"";s:9:"stu_relig";s:0:"";s:6:"stu_bl";s:0:"";s:7:"stu_num";s:0:"";s:7:"stu_img";s:0:"";s:7:"tea_loc";s:2:"on";s:9:"tea_relig";s:0:"";s:9:"tea_desig";s:0:"";s:7:"tea_num";s:0:"";s:7:"tea_img";s:0:"";s:7:"book_ab";s:0:"";s:8:"book_pdf";s:0:"";s:8:"book_img";s:0:"";}');

-- --------------------------------------------------------

--
-- Table structure for table `stu`
--

CREATE TABLE `stu` (
  `id` int(11) NOT NULL,
  `user` varchar(250) CHARACTER SET utf8 COLLATE utf8_swedish_ci NOT NULL,
  `fname` varchar(250) CHARACTER SET utf8 COLLATE utf8_swedish_ci NOT NULL,
  `gen` int(11) NOT NULL,
  `relig` varchar(250) CHARACTER SET utf8 COLLATE utf8_swedish_ci NOT NULL,
  `num` varchar(250) CHARACTER SET utf8 COLLATE utf8_swedish_ci NOT NULL,
  `birth` varchar(250) NOT NULL,
  `blood` text NOT NULL,
  `email` varchar(250) NOT NULL,
  `addr` varchar(500) CHARACTER SET utf8 COLLATE utf8_swedish_ci NOT NULL,
  `class` int(11) NOT NULL,
  `gr` varchar(11) NOT NULL,
  `img` varchar(500) CHARACTER SET utf8 COLLATE utf8_swedish_ci NOT NULL,
  `sdate` varchar(250) NOT NULL
) ENGINE=InnoDB DEFAULT CHARSET=latin1;

--
-- Dumping data for table `stu`
--

INSERT INTO `stu` (`id`, `user`, `fname`, `gen`, `relig`, `num`, `birth`, `blood`, `email`, `addr`, `class`, `gr`, `img`, `sdate`) VALUES
(21, 'gona', 'گۆنا', 2, 'Muslim', '1', '9', 'A-', 'g@kurd.im', 'سلێمانی', 2, 'A', '', '1'),
(22, 'admin', 'گۆڤار جەبار', 1, '', '', '', 'O+', '', 'سلێمانی', 1, 'A', '2018-01-06 (13-59-32)_707f78ac0d34c4776a2852b5bba1b153.png', ''),
(27, 'eman', 'ئیمان', 2, 'islam', '1', '1', 'A+', 'go@gmail.com', 'هەولێر', 2, 'A', '', '1'),
(28, 'muhammad', 'محمد', 1, 'Muslim', '1', '9', 'A-', 'g@kurd.im', 'هەولێر', 1, 'A', '', '1'),
(29, 'govand', 'گۆڤەند', 2, '1', '1', '1', 'A+', 'a', 'ڕانیە', 2, 'A', '', '1'),
(30, 'goran', 'گۆران', 1, '1', '1', '1', 'A+', 'a', 'ڕانیە', 2, 'A', '', '1'),
(184, 'akam_xalid', 'ئاكام خالید قادر اسماعیل ', 1, 'ئیسلام', '7501112233', '1/1/1999', 'A+', 'akam_xalid@uor.edu.krd', 'هەولێر', 1, 'A', '', '1/1/2018'),
(185, 'anhar', 'انهار كاوە مصطفى مولود', 2, 'ئیسلام', '7501112234', '1/2/1999', 'A+', 'anhar@uor.edu.krd', 'سلێمانی', 1, 'A', '', '1/2/2018'),
(186, 'balla', 'باڵا محمد رسول ', 2, 'ئیسلام', '7501112235', '1/3/1999', 'A+', 'balla@uor.edu.krd', 'فارسی', 1, 'A', '', '1/3/2018'),
(187, 'bnaz', 'بەناز محمود حوێز محمود ', 2, 'ئیسلام', '7501112236', '1/4/1999', 'A+', 'bnaz@uor.edu.krd', 'ئامێدی', 1, 'A', '', '1/4/2018'),
(188, 'chra', 'چرا  محمد محمود ', 2, 'ئیسلام', '7501112237', '1/5/1999', 'A+', 'chra@uor.edu.krd', 'بارزان', 1, 'A', '', '1/5/2018'),
(189, 'hussain', 'حسین مصطفى حسن احمد', 1, 'ئیسلام', '7501112238', '1/6/1999', 'A+', 'hussain@uor.edu.krd', 'ئاکرێ', 1, 'A', '', '1/6/2018'),
(190, 'xarman', 'خەرمان ادریس طه قادر', 2, 'ئیسلام', '7501112239', '1/7/1999', 'A+', 'xarman@uor.edu.krd', 'عەنکاوە', 1, 'A', '', '1/7/2018'),
(191, 'dana', 'دانا حمدامین محمود نبى ', 1, 'ئیسلام', '7501112240', '1/8/1999', 'A+', 'dana@uor.edu.krd', 'سمیل', 1, 'A', '', '1/8/2018'),
(192, 'dllshad', 'دڵشاد اسماعیل قادر', 1, 'ئیسلام', '7501112241', '1/9/1999', 'A+', 'dllshad@uor.edu.krd', 'کۆیە', 1, 'A', '', '1/9/2018'),
(193, 'dllnya', 'دڵنیا خالید بابكر بایز', 2, 'ئیسلام', '7501112242', '1/10/1999', 'A-', 'dllnya@uor.edu.krd', 'چەمچەماڵ', 1, 'A', '', '1/10/2018'),
(194, 'rabwn', 'ڕابون زرار بابكر احمد', 1, 'ئیسلام', '7501112243', '1/11/1999', 'A-', 'rabwn@uor.edu.krd', 'ڕەواندز', 1, 'A', '', '1/11/2018'),
(195, 'rwxosh', 'ڕوخۆش عبداقادر صدیق', 2, 'ئیسلام', '7501112244', '1/12/1999', 'A-', 'rwxosh@uor.edu.krd', 'هەڵەبجە', 1, 'A', '', '1/12/2018'),
(196, 'rwnak', 'ڕووناك وسو حمد مراد ', 2, 'ئیسلام', '7501112245', '1/13/1999', 'A-', 'rwnak@uor.edu.krd', 'شەقڵاوە', 1, 'A', '', '1/13/2018'),
(197, 'rezan', 'ڕێزان مصطفى عبدلله حمد', 2, 'ئیسلام', '7501112246', '1/14/1999', 'A-', 'rezan@uor.edu.krd', 'زاخۆ', 1, 'A', '', '1/14/2018'),
(198, 'renas', 'ڕێناس احمد بایز', 2, 'ئیسلام', '7501112247', '1/15/1999', 'A-', 'renas@uor.edu.krd', 'رانیە', 1, 'A', '', '1/15/2018'),
(199, 'randi', 'ڕەندی خان مصطفى قادر', 2, 'ئیسلام', '7501112248', '1/16/1999', 'A-', 'randi@uor.edu.krd', 'دهۆک', 1, 'A', '', '1/16/2018'),
(200, 'rayan', 'ڕەیان یوسف قادر بابكر ', 2, 'ئیسلام', '7501112249', '1/17/1999', 'A-', 'rayan@uor.edu.krd', 'کەرکوک', 1, 'A', '', '1/17/2018'),
(201, 'zanyar', 'زانیار أبوبكر رسول', 1, 'ئیسلام', '7501112250', '1/18/1999', 'A-', 'zanyar@uor.edu.krd', 'هەولێر', 1, 'A', '', '1/18/2018'),
(202, 'zhawen', 'ژاوێن عمر عبدلله عمر ', 2, 'ئیسلام', '7501112251', '1/19/1999', 'B+', 'zhawen@uor.edu.krd', 'سلێمانی', 1, 'A', '', '1/19/2018'),
(203, 'sakar', 'ساكار سیف لله سلام قادر ', 2, 'ئیسلام', '7501112252', '1/20/1999', 'B+', 'sakar@uor.edu.krd', 'فارسی', 1, 'A', '', '1/20/2018'),
(204, 'salman', 'سەلمان عبدلله  قادر رسول ', 1, 'ئیسلام', '7501112253', '1/21/1999', 'B+', 'salman@uor.edu.krd', 'ئامێدی', 1, 'A', '', '1/21/2018'),
(205, 'sivan', 'سیڤان محمد ادر محمد', 2, 'ئیسلام', '7501112254', '1/22/1999', 'B+', 'sivan@uor.edu.krd', 'بارزان', 1, 'A', '', '1/22/2018'),
(206, 'sarbaz', 'سەرباز وسێن رسول حسێن ', 1, 'ئیسلام', '7501112255', '1/23/1999', 'B+', 'sarbaz@uor.edu.krd', 'ئاکرێ', 1, 'A', '', '1/23/2018'),
(207, 'shajwan', 'شاجوان علی خدر', 2, 'ئیسلام', '7501112256', '1/24/1999', 'B+', 'shajwan@uor.edu.krd', 'عەنکاوە', 1, 'A', '', '1/24/2018'),
(208, 'abdulla', 'عبدلله مصطفى رسول', 1, 'ئیسلام', '7501112257', '1/25/1999', 'B+', 'abdulla@uor.edu.krd', 'کۆیە', 1, 'B', '', '1/25/2018'),
(209, 'shaida', 'شەیدا عمر حسێن ', 2, 'ئیسلام', '7501112258', '1/26/1999', 'B+', 'shaida@uor.edu.krd', 'کۆیە', 1, 'B', '', '1/26/2018'),
(210, 'farman', 'فەرمان عوزیر حسن وسو ', 1, 'ئیسلام', '7501112259', '1/27/1999', 'B+', 'farman@uor.edu.krd', 'کۆیە', 1, 'B', '', '1/27/2018'),
(211, 'karmand', 'كارمەند حسن حاجى ابراهیم', 1, 'ئیسلام', '7501112260', '1/28/1999', 'B+', 'karmand@uor.edu.krd', 'کۆیە', 1, 'B', '', '1/28/2018'),
(212, 'karmand_hussain', 'كارمەند حسێن حمد محمود', 1, 'ئیسلام', '7501112261', '1/29/1999', 'B-', 'karmand_hussain@uor.edu.krd', 'هەڵەبجە', 1, 'B', '', '1/29/2018'),
(213, 'gashaw', 'گەشاو محمد بابكر شێخە', 2, 'ئیسلام', '7501112262', '1/30/1999', 'B-', 'gashaw@uor.edu.krd', 'شەقڵاوە', 1, 'B', '', '1/30/2018'),
(214, 'lanja', 'لەنجە ابراهیم محمد عزیز', 2, 'ئیسلام', '7501112263', '1/31/1999', 'B-', 'lanja@uor.edu.krd', 'زاخۆ', 1, 'B', '', '1/31/2018'),
(215, 'mihnaz', 'میهناز حسێن حمد', 2, 'ئیسلام', '7501112264', '2/1/1999', 'B-', 'mihnaz@uor.edu.krd', 'رانیە', 1, 'B', '', '2/1/2018'),
(216, 'nazanin', 'نازەنین سلیمان مصطفى خدر', 2, 'ئیسلام', '7501112265', '2/2/1999', 'B-', 'nazanin@uor.edu.krd', 'دهۆک', 1, 'B', '', '2/2/2018'),
(217, 'nahro', 'نەهرۆ محمد خدر نبی ', 1, 'ئیسلام', '7501112266', '2/3/1999', 'B-', 'nahro@uor.edu.krd', 'کەرکوک', 1, 'B', '', '2/3/2018'),
(218, 'hali', 'هالى زبیر عارف حامد', 2, 'ئیسلام', '7501112267', '2/4/1999', 'B-', 'hali@uor.edu.krd', 'هەولێر', 1, 'B', '', '2/4/2018'),
(219, 'hunar', 'هونەر حسێن اسماعیل', 1, 'ئیسلام', '7501112268', '2/5/1999', 'B-', 'hunar@uor.edu.krd', 'سلێمانی', 1, 'B', '', '2/5/2018'),
(220, 'hedi', 'هێدى محمد وسو رسول', 1, 'ئیسلام', '7501112269', '2/6/1999', 'B-', 'hedi@uor.edu.krd', 'سلێمانی', 1, 'B', '', '2/6/2018'),
(221, 'heshw', 'هێشو عمر حسن محمد', 2, 'ئیسلام', '7501112270', '2/7/1999', 'B-', 'heshw@uor.edu.krd', 'سلێمانی', 1, 'B', '', '2/7/2018'),
(222, 'heshw_darwesh', 'هێشو دەروێش مولان ', 2, 'ئیسلام', '7501112271', '2/8/1999', 'O+', 'heshw_darwesh@uor.edu.krd', 'سلێمانی', 1, 'B', '', '2/8/2018'),
(223, 'hallalla', 'هەڵاڵە حسن عولا برایم', 2, 'ئیسلام', '7501112272', '2/9/1999', 'O+', 'hallalla@uor.edu.krd', 'سلێمانی', 1, 'B', '', '2/9/2018'),
(224, 'hawar', 'هەوار محمد احمد حمدامین', 2, 'ئیسلام', '7501112273', '2/10/1999', 'O+', 'hawar@uor.edu.krd', 'سلێمانی', 1, 'C', '', '2/10/2018'),
(225, 'akam_muhammad', 'ئاكام محمد ', 1, 'ئیسلام', '7501112274', '2/11/1999', 'O+', 'akam_muhammad@uor.edu.krd', 'سمیل', 1, 'C', '', '2/11/2018'),
(226, 'karwan', 'کاوان محمد', 1, 'ئیسلام', '7501112275', '2/12/1999', 'O+', 'karwan@uor.edu.krd', 'کۆیە', 1, 'C', '', '2/12/2018'),
(227, 'lavan', 'لاڤان عزیز', 2, 'ئیسلام', '7501112276', '2/13/1999', 'O+', 'lavan@uor.edu.krd', 'چەمچەماڵ', 1, 'C', '', '2/13/2018'),
(228, 'raozhyar', 'ڕۆژیار خدر', 2, 'ئیسلام', '7501112277', '2/14/1999', 'O+', 'raozhyar@uor.edu.krd', 'ڕەواندز', 1, 'C', '', '2/14/2018'),
(229, 'xadija', 'خدیجە ئیبراهیم', 2, 'ئیسلام', '7501112278', '2/15/1999', 'O-', 'xadija@uor.edu.krd', 'هەڵەبجە', 1, 'C', '', '2/15/2018'),
(230, 'hawnaz', 'هاوناز مستەفا', 2, 'ئیسلام', '7501112279', '2/16/1999', 'O-', 'hawnaz@uor.edu.krd', 'هەڵەبجە', 1, 'C', '', '2/16/2018'),
(231, 'renwar', 'ڕێنوار هیوا حاجی', 1, 'ئیسلام', '7501112280', '2/17/1999', 'O-', 'renwar@uor.edu.krd', 'هەڵەبجە', 1, 'C', '', '2/17/2018'),
(232, 'bahroz', 'بەهرۆز عمر', 1, 'ئیسلام', '7501112281', '2/18/1999', 'O-', 'bahroz@uor.edu.krd', 'رانیە', 1, 'C', '', '2/18/2018'),
(233, 'avin', 'ئەڤین عمر وسو', 2, 'ئیسلام', '7501112282', '2/19/1999', 'O-', 'avin@uor.edu.krd', 'دهۆک', 1, 'C', '', '2/19/2018'),
(234, 'ahmad', 'ئەحمد عبدالرحمان', 1, 'ئیسلام', '7501112283', '2/20/1999', 'O-', 'ahmad@uor.edu.krd', 'کەرکوک', 1, 'C', '', '2/20/2018'),
(235, 'rekan', '  ڕێکان ڕەحیم ', 2, 'ئیسلام', '7501112284', '2/21/1999', 'O-', 'rekan@uor.edu.krd', 'کەرکوک', 1, 'C', '', '2/21/2018'),
(236, 'kaksoran', 'سۆران عثمان', 1, '', '', '2018-03-20', 'A+', 'soran@gmail.com', '', 1, 'A', 'd41d8cd98f00b204e9800998ecf8427e', '2018-03-20');

-- --------------------------------------------------------

--
-- Table structure for table `sub`
--

CREATE TABLE `sub` (
  `id` int(11) NOT NULL,
  `sn` varchar(250) CHARACTER SET utf8 COLLATE utf8_swedish_ci NOT NULL,
  `sa` varchar(250) CHARACTER SET utf8 COLLATE utf8_swedish_ci NOT NULL,
  `tea` int(11) NOT NULL,
  `img` varchar(500) CHARACTER SET utf8 COLLATE utf8_swedish_ci NOT NULL,
  `pdf` varchar(250) CHARACTER SET utf8 COLLATE utf8_swedish_ci NOT NULL,
  `cl` int(11) NOT NULL,
  `ab` varchar(5000) NOT NULL,
  `atte` int(11) NOT NULL
) ENGINE=InnoDB DEFAULT CHARSET=latin1;

--
-- Dumping data for table `sub`
--

INSERT INTO `sub` (`id`, `sn`, `sa`, `tea`, `img`, `pdf`, `cl`, `ab`, `atte`) VALUES
(7, 'البلاغة', 'ابن الاثیر', 2, '2018-01-03 (16-21-49)_779b7513263ef185b6d094af290ef540.png', '2018-01-03 (16-21-49)_9f34d198a8bdf4dedba50d2b59a64c1a.pdf', 2, '', 2),
(9, 'Global Elementry', 'English', 4, '2018-01-06 (14-06-44)_d9fa31af72d60aaa305c994110256121.png', '2018-01-06 (14-06-44)_d41d8cd98f00b204e9800998ecf8427e.pdf', 1, 'No', 0),
(10, 'دەرونزانی گەشە', 'نییە', 6, 'd41d8cd98f00b204e9800998ecf8427e', '2018-02-17 (21-34-01)_d41d8cd98f00b204e9800998ecf8427e.pdf', 2, '', 2),
(11, 'دروستی دەرونی', 'نییە', 7, 'd41d8cd98f00b204e9800998ecf8427e', '2018-02-17 (21-34-49)_d41d8cd98f00b204e9800998ecf8427e.pdf', 2, '', 2),
(12, 'تەکنەلۆژیای زانیاری', 'بێڵ گەیتس', 3, 'd41d8cd98f00b204e9800998ecf8427e', '2018-02-17 (21-37-56)_d41d8cd98f00b204e9800998ecf8427e.pdf', 1, '', 0),
(13, 'دەرونزانی گشتی', 'فرۆید', 8, 'd41d8cd98f00b204e9800998ecf8427e', '2018-02-17 (21-43-37)_d41d8cd98f00b204e9800998ecf8427e.pdf', 1, '', 0),
(14, 'المکتبة ومنهج البحث', 'نییە', 15, 'd41d8cd98f00b204e9800998ecf8427e', '2018-03-18 (20-46-41)_d41d8cd98f00b204e9800998ecf8427e.pdf', 1, '', 3),
(15, 'الادب الاسلامي', 'نییە', 11, 'd41d8cd98f00b204e9800998ecf8427e', '2018-03-18 (20-47-24)_d41d8cd98f00b204e9800998ecf8427e.pdf', 2, '', 4),
(16, 'الادب الحديث', 'نییە', 14, 'd41d8cd98f00b204e9800998ecf8427e', '2018-03-18 (20-48-19)_d41d8cd98f00b204e9800998ecf8427e.pdf', 1, '', 2),
(17, 'المحادثة والتعبير', 'نییە', 13, 'd41d8cd98f00b204e9800998ecf8427e', '2018-03-18 (20-48-49)_d41d8cd98f00b204e9800998ecf8427e.pdf', 2, '', 4),
(18, 'النحو', 'سبويـه', 12, 'd41d8cd98f00b204e9800998ecf8427e', '2018-03-18 (20-49-41)_d41d8cd98f00b204e9800998ecf8427e.pdf', 3, '', 7),
(19, 'الصرف', 'نییە', 10, 'd41d8cd98f00b204e9800998ecf8427e', '2018-03-18 (20-50-18)_d41d8cd98f00b204e9800998ecf8427e.pdf', 4, '', 2),
(20, 'علوم القران', 'نییە', 17, 'd41d8cd98f00b204e9800998ecf8427e', '2018-03-18 (21-16-55)_d41d8cd98f00b204e9800998ecf8427e.pdf', 2, '', 4),
(21, 'النحو', 'سبويـه', 16, 'd41d8cd98f00b204e9800998ecf8427e', '2018-03-18 (21-17-33)_d41d8cd98f00b204e9800998ecf8427e.pdf', 2, '', 5),
(22, 'الادارة والارشاد', 'نییە', 30, 'd41d8cd98f00b204e9800998ecf8427e', '2018-03-18 (21-18-30)_d41d8cd98f00b204e9800998ecf8427e.pdf', 4, '', 2),
(23, 'التفسير', 'نییە', 17, 'd41d8cd98f00b204e9800998ecf8427e', '2018-03-18 (21-18-59)_d41d8cd98f00b204e9800998ecf8427e.pdf', 4, '', 2),
(24, 'علم اللغة العام', 'نییە', 27, 'd41d8cd98f00b204e9800998ecf8427e', '2018-03-18 (21-19-35)_d41d8cd98f00b204e9800998ecf8427e.pdf', 4, '', 3),
(25, 'ادب الاطفال', 'نییە', 31, 'd41d8cd98f00b204e9800998ecf8427e', '2018-03-18 (21-20-23)_d41d8cd98f00b204e9800998ecf8427e.pdf', 4, '', 2),
(26, 'المحادثة والتعبير', 'نییە', 29, 'd41d8cd98f00b204e9800998ecf8427e', '2018-03-18 (21-20-53)_d41d8cd98f00b204e9800998ecf8427e.pdf', 4, '', 4),
(27, 'ڕێگاکانی وانەوتنەوە', 'نییە', 14, 'd41d8cd98f00b204e9800998ecf8427e', '2018-03-18 (21-22-00)_d41d8cd98f00b204e9800998ecf8427e.pdf', 4, '', 3),
(28, 'الادب الجاهلي', 'نییە', 19, 'd41d8cd98f00b204e9800998ecf8427e', '2018-03-18 (21-22-39)_d41d8cd98f00b204e9800998ecf8427e.pdf', 4, '', 4),
(29, 'المشاهدة', 'نییە', 12, 'd41d8cd98f00b204e9800998ecf8427e', '2018-03-18 (21-23-12)_d41d8cd98f00b204e9800998ecf8427e.pdf', 4, '', 2),
(30, 'القیاس', 'نییە', 24, 'd41d8cd98f00b204e9800998ecf8427e', '2018-03-18 (21-23-52)_d41d8cd98f00b204e9800998ecf8427e.pdf', 3, '', 3),
(31, 'ڕێگاکانی وانەوتنەوە', 'نییە', 25, 'd41d8cd98f00b204e9800998ecf8427e', '2018-03-18 (21-24-59)_d41d8cd98f00b204e9800998ecf8427e.pdf', 3, '', 2),
(32, 'البلاغة', 'ابن الاثیر', 2, 'd41d8cd98f00b204e9800998ecf8427e', '2018-03-18 (21-25-57)_d41d8cd98f00b204e9800998ecf8427e.pdf', 3, '', 2),
(33, 'علم النفس', 'نییە', 26, 'd41d8cd98f00b204e9800998ecf8427e', '2018-03-18 (21-26-40)_d41d8cd98f00b204e9800998ecf8427e.pdf', 3, '', 2),
(34, 'النقد الادبي', 'نییە', 13, 'd41d8cd98f00b204e9800998ecf8427e', '2018-03-18 (21-27-16)_d41d8cd98f00b204e9800998ecf8427e.pdf', 3, '', 2),
(35, 'الادب العباسي', 'نییە', 11, 'd41d8cd98f00b204e9800998ecf8427e', '2018-03-18 (21-27-44)_d41d8cd98f00b204e9800998ecf8427e.pdf', 3, '', 2),
(36, 'علم الصوت', 'نییە', 27, 'd41d8cd98f00b204e9800998ecf8427e', '2018-03-18 (21-28-17)_d41d8cd98f00b204e9800998ecf8427e.pdf', 3, '', 2),
(37, 'الادب الاندلسي', 'نییە', 28, 'd41d8cd98f00b204e9800998ecf8427e', '2018-03-18 (21-32-17)_d41d8cd98f00b204e9800998ecf8427e.pdf', 3, '', 4),
(38, 'المحادثة والتعبير', 'نییە', 29, 'd41d8cd98f00b204e9800998ecf8427e', '2018-03-18 (21-33-33)_d41d8cd98f00b204e9800998ecf8427e.pdf', 3, '', 2),
(39, 'المحادثة والتعبير', 'نییە', 23, 'd41d8cd98f00b204e9800998ecf8427e', '2018-03-18 (21-35-18)_d41d8cd98f00b204e9800998ecf8427e.pdf', 1, '', 2),
(41, 'کوردۆلۆجی', 'نییە', 21, 'd41d8cd98f00b204e9800998ecf8427e', '2018-03-18 (21-37-03)_d41d8cd98f00b204e9800998ecf8427e.pdf', 1, '', 2),
(42, 'المدخل', 'نییە', 18, 'd41d8cd98f00b204e9800998ecf8427e', '2018-03-18 (21-37-58)_d41d8cd98f00b204e9800998ecf8427e.pdf', 1, '', 2),
(43, 'گفتوگۆی زانستی', 'نییە', 20, 'd41d8cd98f00b204e9800998ecf8427e', '2018-03-18 (21-38-31)_d41d8cd98f00b204e9800998ecf8427e.pdf', 1, '', 2),
(44, 'علم العروض والقافية', 'خلیل بن احمد الفراهيدي', 19, 'd41d8cd98f00b204e9800998ecf8427e', '2018-03-18 (21-39-45)_d41d8cd98f00b204e9800998ecf8427e.pdf', 2, '', 2);

-- --------------------------------------------------------

--
-- Table structure for table `tea`
--

CREATE TABLE `tea` (
  `id` int(11) NOT NULL,
  `user` varchar(250) CHARACTER SET utf8 COLLATE utf8_swedish_ci NOT NULL,
  `fname` varchar(250) CHARACTER SET utf8 COLLATE utf8_swedish_ci NOT NULL,
  `gen` int(11) NOT NULL,
  `relig` varchar(250) CHARACTER SET utf8 COLLATE utf8_swedish_ci NOT NULL,
  `num` varchar(250) CHARACTER SET utf8 COLLATE utf8_swedish_ci NOT NULL,
  `birth` varchar(250) CHARACTER SET utf8 COLLATE utf8_swedish_ci NOT NULL,
  `sdate` varchar(250) CHARACTER SET utf8 COLLATE utf8_swedish_ci NOT NULL,
  `email` varchar(250) NOT NULL,
  `addr` varchar(500) CHARACTER SET utf8 COLLATE utf8_swedish_ci NOT NULL,
  `desig` varchar(250) CHARACTER SET utf8 COLLATE utf8_swedish_ci NOT NULL,
  `img` varchar(500) CHARACTER SET utf8 COLLATE utf8_swedish_ci NOT NULL
) ENGINE=InnoDB DEFAULT CHARSET=latin1;

--
-- Dumping data for table `tea`
--

INSERT INTO `tea` (`id`, `user`, `fname`, `gen`, `relig`, `num`, `birth`, `sdate`, `email`, `addr`, `desig`, `img`) VALUES
(2, 'admin', 'جیهاد قادر علی', 1, 'ئیسلام', '٠٧٥٠١١١٢٢٣٣', '12/12/1985', '12/12/2010', 'jihad@yahoo.com', 'چوارقوڕنە', '', ''),
(3, 'akam', 'ئاکام عەزیز', 1, 'ئیسلام', '07701112233', '01/01/1985', '2015-01-01', 'akam@gmail.com', '‌حاجیاوا', 'سکیوریتی', '2018-01-06 (13-59-32)_707f78ac0d34c4776a2852b5bba1b153.png'),
(4, 'soran', 'سۆران عبدالله', 1, 'ئیسلام', '07701456711', '1985-01-01', '2018-01-06', 'admin', 'حاجیاوا', 'زمانی ئینگلیزی', '2018-01-06 (14-04-01)_779b7513263ef185b6d094af290ef540.png'),
(6, 'luqman', 'لوقمان محمد', 1, 'ئیسلام', '', '1970-02-17', '2017-02-01', 'luqman@gmail.com', 'سلێمانی', 'دەرونزانی گەشە', 'd41d8cd98f00b204e9800998ecf8427e'),
(7, 'aras', 'ئاراس محمد', 1, 'ئیسلام', '', '1975-02-17', '2018-02-17', 'aras@gmail.com', 'چەمچەماڵ', 'دروستی دەرونی', 'd41d8cd98f00b204e9800998ecf8427e'),
(8, 'amin', 'ئامینە قەهطان', 2, 'ئیسلام', '', '2018-02-17', '2018-02-01', 'amina@gmail.com', 'بەغداد', 'علم النفس', 'd41d8cd98f00b204e9800998ecf8427e'),
(10, 'khdir.abdullah', 'خدر عبدالله خدر', 1, 'ئیسلام', '7502223311', '1/1/1975', '1/1/2010', 'khdir.abdullah@raparinuni.org', 'ڕانیە', 'زمانى عه‌ره‌بى', ''),
(11, 'salih.ibrahim', 'صالح ابراهيم حسين', 1, 'ئیسلام', '7502223312', '1/1/1976', '1/1/2010', 'salih.ibrahim@raparinuni.org', 'ڕانیە', 'الادب العربي', ''),
(12, 'muhiadeen.muhammad', 'محيي الدين محمد سعيد', 1, 'ئیسلام', '7502223313', '1/1/1977', '1/1/2010', 'muhiadeen.muhammad@raparinuni.org', 'ڕانیە', '', ''),
(13, 'lamya.yasin', 'لمياء ياسين حمزة', 2, 'ئیسلام', '7502223314', '1/1/1978', '1/1/2010', 'lamya.yasin@raparinuni.org', 'هەولێر', '', ''),
(14, 'star.baban', 'ستار مصطفى فقي محمد بابان', 1, 'ئیسلام', '7502223315', '1/1/1979', '1/1/2010', 'star.baban@raparinuni.org', 'کۆیە', '', ''),
(15, 'ibrahim.abdulrahman', 'إبراهيم عبدالرحمن محمد', 1, 'ئیسلام', '7502223316', '1/1/1980', '1/1/2010', 'ibrahim.abdulrahman@raparinuni.org', 'ڕانیە', 'الشریعە والقانون', ''),
(16, 'alla', 'علاء صبري', 1, 'ئیسلام', '٠٧٧٠', '1980-03-03', '2016-03-01', 'alla@gmail.com', 'رانیە', '', ''),
(17, 'hussain.nuri', 'حسین نوری', 1, 'ئیسلام', '7502223311', '1/1/1975', '1/1/2010', 'hussain.nuri@gmail.com', 'ڕانیە', '', ''),
(18, 'ahmad.muhammad', 'احمد محمد', 1, 'ئیسلام', '7502223312', '1/2/1975', '1/1/2010', 'ahmad.muhammad@gmail.com', 'ڕانیە', '', ''),
(19, 'pary.taha', 'پەری طه', 2, 'ئیسلام', '7502223313', '1/3/1975', '1/1/2010', 'pary.taha@gmail.com', 'ڕانیە', '', ''),
(20, 'zaindin.mahmud', 'زین الدین محمود', 1, 'ئیسلام', '7502223314', '1/4/1975', '1/1/2010', 'zaindin.mahmud@gmail.com', 'ڕانیە', '', ''),
(21, 'm.mustaffa', 'مامۆستا مصطفی', 1, 'ئیسلام', '7502223315', '1/5/1975', '1/1/2010', 'm.mustaffa@gmail.com', 'ڕانیە', '', ''),
(22, 'm.abdullah', 'مامۆستا عبدالله', 1, 'ئیسلام', '7502223316', '1/6/1975', '1/1/2010', 'm.abdullah@gmail.com', 'ڕانیە', '', ''),
(23, 'm.abdulrahman', 'مامۆستا عبدالرحمن', 1, 'ئیسلام', '7502223317', '1/7/1975', '1/1/2010', 'm.abdulrahman@gmail.com', 'ڕانیە', '', ''),
(24, 'm.rozhgar', 'مامۆستا ڕۆژگار', 2, 'ئیسلام', '7502223318', '1/8/1975', '1/1/2010', 'm.rozhgar@gmail.com', 'ڕانیە', '', ''),
(25, 'm.peshawa', 'مامۆستا پێشەوا', 1, 'ئیسلام', '7502223319', '1/9/1975', '1/1/2010', 'm.peshawa@gmail.com', 'ڕانیە', '', ''),
(26, 'm.sivan', 'مامۆستا سیڤان', 2, 'ئیسلام', '7502223320', '1/10/1975', '1/1/2010', 'm.sivan@gmail.com', 'ڕانیە', '', ''),
(27, 'twana.qadr', 'توانا قادر', 1, 'ئیسلام', '7502223321', '1/11/1975', '1/1/2010', 'twana.qadr@gmail.com', 'ڕانیە', '', ''),
(28, 'm.nwr', 'مامۆستا نور', 2, 'ئیسلام', '7502223322', '1/12/1975', '1/1/2010', 'm.nwr@gmail.com', 'ڕانیە', '', ''),
(29, 'm.muhammad', 'مامۆستا محمد', 1, 'ئیسلام', '7502223323', '1/13/1975', '1/1/2010', 'm.muhammad@gmail.com', 'ڕانیە', '', ''),
(30, 'm.xalil', 'مامۆستا خەلیل', 1, 'ئیسلام', '7502223324', '1/14/1975', '1/1/2010', 'm.xalil@gmail.com', 'ڕانیە', '', ''),
(31, 'shazad.karim', 'شازاد كريم عثمان', 1, 'ئیسلام', '7502223325', '1/15/1975', '1/1/2010', 'shazad.karim@raparinuni.org', 'ڕانیە', '', '');

-- --------------------------------------------------------

--
-- Table structure for table `tt`
--

CREATE TABLE `tt` (
  `day` int(11) NOT NULL,
  `st` varchar(20) NOT NULL,
  `et` varchar(20) NOT NULL,
  `cl` int(11) NOT NULL,
  `gr` varchar(25) NOT NULL,
  `id` int(11) NOT NULL,
  `sub` int(11) NOT NULL,
  `location` varchar(5) NOT NULL DEFAULT 'A1'
) ENGINE=InnoDB DEFAULT CHARSET=latin1;

--
-- Dumping data for table `tt`
--

INSERT INTO `tt` (`day`, `st`, `et`, `cl`, `gr`, `id`, `sub`, `location`) VALUES
(2, '08:30AM', '11:30AM', 1, 'A', 5, 12, 'A2'),
(4, '11:30AM', '01:30PM', 1, 'A', 6, 13, 'A1'),
(1, '08:30AM', '09:30AM', 2, 'B', 8, 11, 'A1'),
(3, '08:30AM', '09:30AM', 2, 'A', 10, 11, 'A1'),
(3, '08:30AM', '10:30AM', 1, 'A', 13, 9, 'A1'),
(3, '11:30AM', '01:30PM', 1, 'A', 14, 9, 'A1'),
(5, '11:30AM', '01:30PM', 1, 'A', 15, 14, 'A1'),
(4, '08:30AM', '10:30AM', 1, 'A', 16, 16, 'A1'),
(5, '08:30AM', '10:30AM', 1, 'A', 17, 39, 'A1'),
(2, '11:30AM', '01:30PM', 1, 'A', 18, 41, 'A1'),
(1, '08:30AM', '10:30AM', 1, 'A', 19, 42, 'A1'),
(1, '11:30AM', '01:30PM', 1, 'A', 20, 42, 'A1');

--
-- Indexes for dumped tables
--

--
-- Indexes for table `account`
--
ALTER TABLE `account`
  ADD PRIMARY KEY (`id`),
  ADD UNIQUE KEY `user` (`user`);

--
-- Indexes for table `att`
--
ALTER TABLE `att`
  ADD PRIMARY KEY (`id`);

--
-- Indexes for table `class`
--
ALTER TABLE `class`
  ADD PRIMARY KEY (`id`);

--
-- Indexes for table `conversation`
--
ALTER TABLE `conversation`
  ADD PRIMARY KEY (`id`);

--
-- Indexes for table `er`
--
ALTER TABLE `er`
  ADD PRIMARY KEY (`id`);

--
-- Indexes for table `exam`
--
ALTER TABLE `exam`
  ADD PRIMARY KEY (`id`);

--
-- Indexes for table `history`
--
ALTER TABLE `history`
  ADD PRIMARY KEY (`id`);

--
-- Indexes for table `lib`
--
ALTER TABLE `lib`
  ADD PRIMARY KEY (`id`);

--
-- Indexes for table `mark`
--
ALTER TABLE `mark`
  ADD PRIMARY KEY (`mark_id`);

--
-- Indexes for table `mark_data`
--
ALTER TABLE `mark_data`
  ADD PRIMARY KEY (`markd_id`);

--
-- Indexes for table `notic`
--
ALTER TABLE `notic`
  ADD PRIMARY KEY (`id`);

--
-- Indexes for table `qb`
--
ALTER TABLE `qb`
  ADD PRIMARY KEY (`id`);

--
-- Indexes for table `qg`
--
ALTER TABLE `qg`
  ADD PRIMARY KEY (`id`);

--
-- Indexes for table `setting`
--
ALTER TABLE `setting`
  ADD PRIMARY KEY (`id`);

--
-- Indexes for table `stu`
--
ALTER TABLE `stu`
  ADD PRIMARY KEY (`id`);

--
-- Indexes for table `sub`
--
ALTER TABLE `sub`
  ADD PRIMARY KEY (`id`);

--
-- Indexes for table `tea`
--
ALTER TABLE `tea`
  ADD PRIMARY KEY (`id`);

--
-- Indexes for table `tt`
--
ALTER TABLE `tt`
  ADD PRIMARY KEY (`id`);

--
-- AUTO_INCREMENT for dumped tables
--

--
-- AUTO_INCREMENT for table `account`
--
ALTER TABLE `account`
  MODIFY `id` int(11) NOT NULL AUTO_INCREMENT, AUTO_INCREMENT=310;
--
-- AUTO_INCREMENT for table `att`
--
ALTER TABLE `att`
  MODIFY `id` int(11) NOT NULL AUTO_INCREMENT, AUTO_INCREMENT=47;
--
-- AUTO_INCREMENT for table `class`
--
ALTER TABLE `class`
  MODIFY `id` int(11) NOT NULL AUTO_INCREMENT;
--
-- AUTO_INCREMENT for table `conversation`
--
ALTER TABLE `conversation`
  MODIFY `id` int(11) NOT NULL AUTO_INCREMENT, AUTO_INCREMENT=4;
--
-- AUTO_INCREMENT for table `er`
--
ALTER TABLE `er`
  MODIFY `id` int(11) NOT NULL AUTO_INCREMENT, AUTO_INCREMENT=41;
--
-- AUTO_INCREMENT for table `exam`
--
ALTER TABLE `exam`
  MODIFY `id` int(11) NOT NULL AUTO_INCREMENT, AUTO_INCREMENT=17;
--
-- AUTO_INCREMENT for table `history`
--
ALTER TABLE `history`
  MODIFY `id` int(11) NOT NULL AUTO_INCREMENT, AUTO_INCREMENT=59;
--
-- AUTO_INCREMENT for table `lib`
--
ALTER TABLE `lib`
  MODIFY `id` int(11) NOT NULL AUTO_INCREMENT, AUTO_INCREMENT=21;
--
-- AUTO_INCREMENT for table `mark`
--
ALTER TABLE `mark`
  MODIFY `mark_id` int(11) NOT NULL AUTO_INCREMENT, AUTO_INCREMENT=9;
--
-- AUTO_INCREMENT for table `mark_data`
--
ALTER TABLE `mark_data`
  MODIFY `markd_id` int(11) NOT NULL AUTO_INCREMENT, AUTO_INCREMENT=2238;
--
-- AUTO_INCREMENT for table `notic`
--
ALTER TABLE `notic`
  MODIFY `id` int(11) NOT NULL AUTO_INCREMENT;
--
-- AUTO_INCREMENT for table `qb`
--
ALTER TABLE `qb`
  MODIFY `id` int(11) NOT NULL AUTO_INCREMENT, AUTO_INCREMENT=7;
--
-- AUTO_INCREMENT for table `qg`
--
ALTER TABLE `qg`
  MODIFY `id` int(11) NOT NULL AUTO_INCREMENT, AUTO_INCREMENT=7;
--
-- AUTO_INCREMENT for table `setting`
--
ALTER TABLE `setting`
  MODIFY `id` int(11) NOT NULL AUTO_INCREMENT, AUTO_INCREMENT=3;
--
-- AUTO_INCREMENT for table `stu`
--
ALTER TABLE `stu`
  MODIFY `id` int(11) NOT NULL AUTO_INCREMENT, AUTO_INCREMENT=237;
--
-- AUTO_INCREMENT for table `sub`
--
ALTER TABLE `sub`
  MODIFY `id` int(11) NOT NULL AUTO_INCREMENT, AUTO_INCREMENT=45;
--
-- AUTO_INCREMENT for table `tea`
--
ALTER TABLE `tea`
  MODIFY `id` int(11) NOT NULL AUTO_INCREMENT, AUTO_INCREMENT=32;
--
-- AUTO_INCREMENT for table `tt`
--
ALTER TABLE `tt`
  MODIFY `id` int(11) NOT NULL AUTO_INCREMENT, AUTO_INCREMENT=21;
/*!40101 SET CHARACTER_SET_CLIENT=@OLD_CHARACTER_SET_CLIENT */;
/*!40101 SET CHARACTER_SET_RESULTS=@OLD_CHARACTER_SET_RESULTS */;
/*!40101 SET COLLATION_CONNECTION=@OLD_COLLATION_CONNECTION */;
